"","varHist","varHistPonde"
"4",NA,NA
"5",NA,NA
"6",NA,NA
"7",NA,NA
"8",NA,NA
"11",NA,NA
"12",NA,NA
"13",NA,NA
"14",NA,NA
"15",NA,NA
"18",NA,NA
"19",NA,NA
"20",NA,NA
"21",NA,NA
"22",NA,NA
"25",NA,NA
"26",NA,NA
"27",NA,NA
"28",NA,NA
"29",NA,NA
"33",NA,NA
"34",NA,NA
"35",NA,NA
"36",NA,NA
"39",NA,NA
"40",NA,NA
"41",NA,NA
"42",NA,NA
"43",NA,NA
"46",NA,NA
"47",NA,NA
"48",NA,NA
"49",NA,NA
"50",NA,NA
"53",NA,NA
"54",NA,NA
"55",NA,NA
"56",NA,NA
"57",NA,NA
"60",NA,NA
"61",NA,NA
"62",NA,NA
"63",NA,NA
"64",NA,NA
"67",NA,NA
"68",NA,NA
"69",NA,NA
"70",NA,NA
"71",NA,NA
"74",NA,NA
"75",NA,NA
"76",NA,NA
"77",NA,NA
"78",NA,NA
"82",NA,NA
"83",NA,NA
"88",NA,NA
"89",NA,NA
"90",NA,NA
"91",NA,NA
"92",NA,NA
"95",NA,NA
"96",NA,NA
"97",NA,NA
"98",NA,NA
"99",NA,NA
"102",NA,NA
"103",NA,NA
"104",NA,NA
"105",NA,NA
"106",NA,NA
"109",NA,NA
"110",NA,NA
"111",NA,NA
"112",NA,NA
"113",NA,NA
"116",NA,NA
"117",NA,NA
"118",NA,NA
"119",NA,NA
"120",NA,NA
"123",NA,NA
"124",NA,NA
"125",NA,NA
"126",NA,NA
"127",NA,NA
"130",NA,NA
"131",NA,NA
"132",NA,NA
"133",NA,NA
"134",NA,NA
"137",NA,NA
"138",NA,NA
"139",NA,NA
"140",NA,NA
"141",NA,NA
"144",NA,NA
"145",NA,NA
"146",NA,NA
"147",NA,NA
"148",NA,NA
"151",NA,NA
"152",NA,NA
"153",NA,NA
"154",NA,NA
"155",NA,NA
"158",NA,NA
"159",NA,NA
"160",NA,NA
"161",NA,NA
"162",NA,NA
"165",NA,NA
"166",NA,NA
"167",NA,NA
"168",NA,NA
"169",NA,NA
"172",NA,NA
"173",NA,NA
"174",NA,NA
"175",NA,NA
"176",NA,NA
"179",NA,NA
"180",NA,NA
"181",NA,NA
"182",NA,NA
"183",NA,NA
"186",NA,NA
"187",NA,NA
"188",NA,NA
"189",NA,NA
"190",NA,NA
"193",NA,NA
"194",NA,NA
"195",NA,NA
"196",NA,NA
"197",NA,NA
"200",NA,NA
"201",NA,NA
"202",NA,NA
"203",NA,NA
"204",NA,NA
"207",NA,NA
"208",NA,NA
"209",NA,NA
"210",NA,NA
"211",NA,NA
"214",NA,NA
"215",NA,NA
"216",NA,NA
"217",NA,NA
"218",NA,NA
"221",NA,NA
"222",NA,NA
"223",NA,NA
"224",NA,NA
"225",NA,NA
"228",NA,NA
"229",NA,NA
"230",NA,NA
"231",NA,NA
"232",NA,NA
"235",NA,NA
"236",NA,NA
"237",NA,NA
"238",NA,NA
"239",NA,NA
"242",NA,NA
"243",NA,NA
"244",NA,NA
"245",NA,NA
"246",NA,NA
"249",NA,NA
"250",NA,NA
"251",NA,NA
"252",NA,NA
"253",NA,NA
"256",NA,NA
"257",NA,NA
"258",NA,NA
"259",NA,NA
"263",NA,NA
"264",NA,NA
"265",NA,NA
"266",NA,NA
"267",NA,NA
"270",NA,NA
"271",NA,NA
"272",NA,NA
"273",NA,NA
"274",NA,NA
"277",NA,NA
"278",NA,NA
"279",NA,NA
"280",NA,NA
"281",NA,NA
"284",NA,NA
"285",NA,NA
"286",NA,NA
"287",NA,NA
"288",NA,NA
"291",NA,NA
"292",NA,NA
"293",NA,NA
"294",NA,NA
"295",NA,NA
"298",NA,NA
"299",NA,NA
"300",NA,NA
"301",NA,NA
"302",NA,NA
"305",NA,NA
"306",NA,NA
"308",NA,NA
"309",NA,NA
"312",NA,NA
"313",NA,NA
"314",NA,NA
"315",NA,NA
"316",NA,NA
"319",NA,NA
"320",NA,NA
"321",NA,NA
"322",NA,NA
"323",NA,NA
"327",NA,NA
"328",NA,NA
"329",NA,NA
"330",NA,NA
"333",NA,NA
"334",NA,NA
"335",NA,NA
"336",NA,NA
"337",NA,NA
"340",NA,NA
"341",NA,NA
"342",NA,NA
"343",NA,NA
"344",NA,NA
"348",NA,NA
"349",NA,NA
"350",NA,NA
"351",NA,NA
"354",NA,NA
"355",NA,NA
"356",NA,NA
"357",NA,NA
"358",NA,NA
"361",NA,NA
"362",NA,NA
"363",NA,NA
"364",NA,NA
"365",1.27290545737876,1.48140536469117
"368",1.24274748277102,1.48140536469117
"369",1.24274748277102,1.48140536469117
"370",1.24274748277102,1.48140536469117
"371",1.23448794203145,1.39586444357078
"372",1.24274748277102,1.39760675356088
"375",1.24274748277102,1.39760675356088
"376",1.24274748277102,1.39760675356088
"377",1.24274748277102,1.39760675356088
"378",1.24274748277102,1.39760675356088
"379",1.24274748277102,1.39760675356088
"382",1.24274748277102,1.39760675356088
"383",1.24274748277102,1.39760675356088
"384",1.24274748277102,1.39760675356088
"385",1.24274748277102,1.39760675356088
"386",1.24274748277102,1.39760675356088
"389",1.24274748277102,1.39760675356088
"390",1.24274748277102,1.39760675356088
"391",1.24274748277102,1.39760675356088
"392",1.27290545737876,1.39760675356088
"393",1.27290545737876,1.39586444357078
"396",1.27290545737876,1.39586444357078
"397",1.27290545737876,1.39586444357078
"398",1.27290545737876,1.39586444357078
"399",1.27290545737876,1.39586444357078
"400",1.27290545737876,1.39586444357078
"404",1.27290545737876,1.39586444357078
"405",1.27290545737876,1.38579528352151
"406",1.27290545737876,1.38579528352151
"407",1.27290545737876,1.38579528352151
"410",1.27290545737876,1.38579528352151
"411",1.27290545737876,1.38579528352151
"412",1.27290545737876,1.38579528352151
"413",1.27290545737876,1.38579528352151
"414",1.27290545737876,1.38579528352151
"417",1.27290545737876,1.38579528352151
"418",1.27290545737876,1.38579528352151
"419",1.27290545737876,1.38579528352151
"420",1.27290545737876,1.38579528352151
"421",1.27290545737876,1.38579528352151
"424",1.27290545737876,1.31830624899417
"425",1.27290545737876,1.31830624899417
"426",1.27290545737876,1.24440670178588
"427",1.27290545737876,1.24440670178588
"428",1.27290545737876,1.22049218621835
"431",1.27290545737876,1.1308378028279
"432",1.27290545737876,1.1308378028279
"433",1.27290545737876,1.1308378028279
"434",1.27290545737876,1.1308378028279
"435",1.27290545737876,1.1308378028279
"438",1.27290545737876,1.1308378028279
"439",1.27290545737876,1.05616439536092
"440",1.27290545737876,1.05616439536092
"441",1.27290545737876,1.05616439536092
"442",1.27290545737876,1.05616439536092
"446",1.27290545737876,1.05616439536092
"447",1.27290545737876,1.05616439536092
"448",1.27290545737876,1.05616439536092
"449",1.27290545737876,1.05616439536092
"452",1.27290545737876,1.04539952173407
"453",1.27290545737876,1.04539952173407
"454",1.27290545737876,1.04539952173407
"455",1.27290545737876,1.04539952173407
"456",1.27290545737876,1.04539952173407
"459",1.27290545737876,1.04539952173407
"460",1.27290545737876,1.04539952173407
"461",1.27290545737876,1.04539952173407
"462",1.27290545737876,1.04539952173407
"463",1.27290545737876,1.04539952173407
"466",1.27290545737876,0.974649055777473
"467",1.27290545737876,0.974649055777473
"468",1.30779570987788,1.31830624899417
"473",1.30779570987788,1.24440670178588
"474",1.30779570987788,1.1308378028279
"475",1.30779570987788,1.1308378028279
"476",1.30779570987788,1.10689198091242
"477",1.30779570987788,1.05616439536092
"480",1.30779570987788,1.05616439536092
"481",1.30779570987788,1.05616439536092
"482",1.30779570987788,1.05616439536092
"483",1.30779570987788,1.04539952173407
"484",1.30779570987788,1.04539952173407
"488",1.30779570987788,1.04539952173407
"489",1.30779570987788,1.04539952173407
"490",1.30779570987788,1.04539952173407
"491",1.30779570987788,1.04539952173407
"494",1.30779570987788,0.990718094616775
"495",1.30779570987788,0.990718094616775
"496",1.30779570987788,0.990718094616775
"497",1.30779570987788,0.990718094616775
"498",1.30779570987788,0.990718094616775
"501",1.30779570987788,0.990718094616775
"502",1.30779570987788,0.990718094616775
"503",1.31256473721936,1.3837000482832
"504",1.31256473721936,1.3837000482832
"505",1.31256473721936,1.3837000482832
"508",1.31256473721936,1.3837000482832
"509",1.31256473721936,1.24440670178588
"510",1.31256473721936,1.1308378028279
"511",1.31256473721936,1.05616439536092
"512",1.31256473721936,1.05616439536092
"515",1.31256473721936,1.04539952173407
"516",1.31256473721936,1.04539952173407
"517",1.31256473721936,1.04539952173407
"518",1.31256473721936,0.998331978256844
"519",1.31256473721936,0.998331978256844
"522",1.31256473721936,0.998331978256844
"523",1.31256473721936,0.998331978256844
"524",1.31256473721936,0.998331978256844
"525",1.31256473721936,0.998331978256844
"526",1.31249331042091,0.998331978256844
"529",1.31249331042091,0.998331978256844
"530",1.31249331042091,0.998331978256844
"531",1.31249331042091,0.998331978256844
"532",1.31249331042091,0.998331978256844
"533",1.31249331042091,0.998331978256844
"536",1.31249331042091,0.998331978256844
"537",1.31249331042091,0.998331978256844
"538",1.31249331042091,0.998331978256844
"539",1.31249331042091,0.990718094616775
"540",1.31249331042091,0.990718094616775
"543",1.27290545737876,0.990718094616775
"544",1.23125371822374,0.990718094616775
"545",1.23125371822374,0.990718094616775
"546",1.23125371822374,0.990718094616775
"547",1.23125371822374,0.974649055777473
"550",1.23125371822374,0.974649055777473
"551",1.23125371822374,0.961792633688037
"552",1.23125371822374,0.884526464906201
"553",1.23125371822374,0.877123510965241
"554",1.23125371822374,0.877123510965241
"557",1.23125371822374,0.877123510965241
"558",1.23125371822374,0.877123510965241
"559",1.23125371822374,0.877123510965241
"560",1.23125371822374,0.877123510965241
"561",1.23125371822374,0.804359246683322
"564",1.23125371822374,0.804359246683322
"565",1.23125371822374,0.804359246683322
"566",1.23125371822374,0.804359246683322
"567",1.23125371822374,0.804359246683322
"568",1.23125371822374,0.756740379003503
"571",1.23125371822374,0.756740379003503
"572",1.23125371822374,0.756740379003503
"573",1.23125371822374,0.756740379003503
"574",1.23125371822374,0.756740379003503
"575",1.23125371822374,0.756740379003503
"578",1.23125371822374,0.756740379003503
"579",1.23125371822374,0.666749377079127
"580",1.23125371822374,0.666749377079127
"581",1.23125371822374,0.666749377079127
"582",1.23125371822374,0.666749377079127
"585",1.23125371822374,0.666749377079127
"586",1.23125371822374,0.666749377079127
"587",1.23125371822374,0.666749377079127
"588",1.23125371822374,0.666749377079127
"589",1.23125371822374,0.666749377079127
"592",1.23125371822374,0.666749377079127
"593",1.23125371822374,0.666749377079127
"594",1.23125371822374,0.666749377079127
"595",1.23125371822374,0.666749377079127
"596",1.23125371822374,0.666749377079127
"599",1.23125371822374,0.666749377079127
"600",1.23125371822374,0.660626523427597
"601",1.1711822753536,0.647439016282629
"602",1.1711822753536,0.647439016282629
"603",1.1711822753536,0.647439016282629
"606",1.1711822753536,0.647439016282629
"607",1.1711822753536,0.647439016282629
"608",1.1711822753536,0.647439016282629
"609",1.1711822753536,0.647439016282629
"610",1.1711822753536,0.647439016282629
"613",1.1711822753536,0.647439016282629
"614",1.1711822753536,0.756740379003503
"615",1.1711822753536,0.756740379003503
"616",1.1711822753536,0.696838618124701
"617",1.1711822753536,0.666749377079127
"620",1.11766760077439,0.666749377079127
"621",1.11766760077439,0.666749377079127
"622",1.0789918088591,0.666749377079127
"623",1.0789918088591,0.666749377079127
"624",1.0789918088591,0.666749377079127
"627",1.0789918088591,0.666749377079127
"628",1.0789918088591,0.647439016282629
"629",1.0789918088591,0.647439016282629
"630",1.0789918088591,0.647439016282629
"631",1.0789918088591,0.647439016282629
"634",1.05024371486615,0.647439016282629
"635",1.05024371486615,0.647439016282629
"636",1.05024371486615,0.647439016282629
"637",1.05024371486615,0.647439016282629
"638",1.05024371486615,0.628105521611031
"641",1.05024371486615,0.628105521611031
"642",1.05024371486615,0.628105521611031
"643",1.05024371486615,0.628105521611031
"644",1.05024371486615,0.628105521611031
"645",1.05024371486615,0.628105521611031
"648",1.05024371486615,0.628105521611031
"649",1.05024371486615,0.628105521611031
"650",1.05024371486615,0.628105521611031
"651",1.05024371486615,0.628105521611031
"652",1.05024371486615,0.628105521611031
"655",1.05024371486615,0.615438102831154
"656",1.05024371486615,0.568442528583786
"657",1.05024371486615,0.568442528583786
"658",1.05024371486615,0.528916512122801
"659",1.05024371486615,0.528916512122801
"662",1.05024371486615,0.666749377079127
"663",1.05024371486615,0.666749377079127
"664",1.08976742872106,0.885265952456192
"665",1.08976742872106,0.885265952456192
"666",1.08976742872106,0.885265952456192
"669",1.08976742872106,0.885265952456192
"670",1.05024371486615,0.885265952456192
"671",1.04082370258485,0.885265952456192
"673",1.04082370258485,0.885265952456192
"676",1.04082370258485,0.885265952456192
"677",1.04082370258485,0.885265952456192
"678",1.01576852079042,0.885265952456192
"679",0.994144342254806,0.885265952456192
"680",1.01576852079042,1.41659838424981
"683",1.01576852079042,1.41659838424981
"684",1.01576852079042,1.03707985055367
"685",1.01576852079042,1.03707985055367
"686",1.01576852079042,1.03707985055367
"687",0.994144342254806,1.03707985055367
"691",0.994144342254806,1.03707985055367
"692",0.994144342254806,0.885265952456192
"693",0.994144342254806,0.885265952456192
"694",0.994144342254806,0.885265952456192
"697",1.01576852079042,1.40010604966445
"698",1.01576852079042,1.40010604966445
"699",1.01576852079042,1.40010604966445
"700",1.04082370258485,1.40010604966445
"701",1.04082370258485,1.40010604966445
"704",1.04082370258485,1.40010604966445
"705",1.04082370258485,1.40010604966445
"706",1.04082370258485,1.40010604966445
"707",1.04082370258485,1.40010604966445
"708",1.04082370258485,1.40010604966445
"711",1.04082370258485,1.40010604966445
"713",1.03685335716752,1.12016770018431
"714",1.03685335716752,1.12016770018431
"715",1.01558320801993,1.12016770018431
"718",1.01558320801993,1.12016770018431
"719",1.01558320801993,1.12016770018431
"720",1.01558320801993,1.12016770018431
"721",1.01558320801993,1.12016770018431
"722",1.01558320801993,1.12016770018431
"726",1.01558320801993,1.12016770018431
"727",1.01558320801993,1.12016770018431
"728",1.01558320801993,1.12016770018431
"729",1.01558320801993,1.12016770018431
"733",1.01558320801993,1.12016770018431
"734",1.01558320801993,1.03707985055367
"735",1.01558320801993,1.03707985055367
"736",1.01558320801993,1.03666804439704
"739",1.01558320801993,1.03666804439704
"740",0.994144342254806,1.03666804439704
"741",0.994144342254806,1.40010604966445
"742",0.994144342254806,1.40010604966445
"743",0.994144342254806,1.40010604966445
"746",0.994144342254806,1.40010604966445
"747",0.994144342254806,1.40010604966445
"748",0.994144342254806,1.40010604966445
"749",0.994144342254806,1.12016770018431
"750",0.994144342254806,1.12016770018431
"753",0.994144342254806,1.12016770018431
"754",0.994144342254806,1.12016770018431
"755",0.994144342254806,1.12016770018431
"756",0.994144342254806,1.12016770018431
"757",0.994144342254806,1.04539952173407
"760",0.981880123255159,1.03666804439704
"761",0.981880123255159,1.03666804439704
"762",0.981880123255159,1.03666804439704
"763",0.981880123255159,1.03666804439704
"764",0.981880123255159,1.03666804439704
"768",0.994144342254806,1.86044850422544
"769",0.994144342254806,1.41659838424981
"770",0.994144342254806,2.18843531197643
"771",0.994144342254806,2.18843531197643
"774",0.994144342254806,2.18843531197643
"775",0.994144342254806,2.18843531197643
"776",0.994144342254806,2.18843531197643
"777",0.994144342254806,2.18843531197643
"778",0.994144342254806,2.18843531197643
"781",0.994144342254806,1.86044850422544
"782",0.994144342254806,1.86044850422544
"783",0.994144342254806,1.86044850422544
"784",0.994144342254806,1.86044850422544
"785",0.994144342254806,1.86044850422544
"788",0.994144342254806,1.86044850422544
"789",1.00943850092146,1.86044850422544
"790",1.02915784683224,1.86044850422544
"791",1.00943850092146,1.41659838424981
"792",1.00943850092146,1.41659838424981
"795",1.00943850092146,1.40010604966445
"796",1.00943850092146,1.40010604966445
"797",1.00943850092146,1.40010604966445
"798",1.00943850092146,1.12016770018431
"799",1.00943850092146,1.12016770018431
"802",1.00943850092146,1.11574481787527
"803",1.00943850092146,1.11574481787527
"804",1.00943850092146,1.11574481787527
"805",1.00943850092146,1.11574481787527
"806",1.00943850092146,1.11574481787527
"810",1.00943850092146,1.11574481787527
"811",1.00943850092146,1.11574481787527
"812",1.00943850092146,1.11574481787527
"813",1.02915784683224,1.80051152229832
"816",1.02915784683224,1.80051152229832
"817",1.02915784683224,1.80051152229832
"818",1.03685335716752,1.80051152229832
"823",1.03685335716752,1.80051152229832
"824",1.03685335716752,1.80051152229832
"825",1.03685335716752,1.80051152229832
"826",1.03685335716752,1.43941637035721
"827",1.03685335716752,1.43941637035721
"830",1.03685335716752,1.43941637035721
"831",1.03685335716752,1.43941637035721
"832",1.03685335716752,1.43941637035721
"833",1.03685335716752,1.43941637035721
"834",1.03685335716752,1.43941637035721
"837",1.03685335716752,1.43941637035721
"838",1.02915784683224,1.43941637035721
"839",1.02915784683224,1.43941637035721
"840",1.02915784683224,1.43941637035721
"841",1.02915784683224,1.43941637035721
"844",1.02915784683224,1.43941637035721
"845",1.02915784683224,1.43941637035721
"846",1.02915784683224,1.41659838424981
"847",1.02915784683224,1.40010604966445
"848",1.02915784683224,1.12016770018431
"851",1.02915784683224,1.11574481787527
"853",1.03685335716752,1.14005727338198
"854",1.07247908584839,1.50860395099027
"855",1.07247908584839,1.50860395099027
"858",1.11109541513471,1.50860395099027
"859",1.11109541513471,1.50860395099027
"860",1.11109541513471,1.50860395099027
"861",1.11109541513471,1.43941637035721
"862",1.11109541513471,1.43941637035721
"865",1.11109541513471,1.43941637035721
"866",1.11109541513471,1.43941637035721
"867",1.11109541513471,1.43941637035721
"868",1.11773511491434,1.43941637035721
"869",1.11109541513471,1.43941637035721
"872",1.11109541513471,1.43941637035721
"873",1.11109541513471,1.40010604966445
"874",1.11109541513471,1.37055819976271
"875",1.11109541513471,1.37055819976271
"876",1.11109541513471,1.37055819976271
"879",1.11109541513471,1.37055819976271
"880",1.11109541513471,1.37055819976271
"881",1.11109541513471,1.37055819976271
"882",1.11109541513471,1.37055819976271
"883",1.11109541513471,1.37055819976271
"886",1.11109541513471,1.37055819976271
"887",1.11109541513471,1.37055819976271
"888",1.11109541513471,1.37055819976271
"889",1.11109541513471,1.37055819976271
"890",1.11109541513471,1.37055819976271
"893",1.11109541513471,1.37055819976271
"894",1.11109541513471,1.14005727338198
"895",1.11109541513471,1.14005727338198
"896",1.11109541513471,1.14005727338198
"897",1.11109541513471,1.14005727338198
"900",1.11109541513471,1.14005727338198
"901",1.11109541513471,1.14005727338198
"902",1.11109541513471,1.14005727338198
"903",1.11109541513471,1.12016770018431
"904",1.11109541513471,1.11574481787527
"907",1.11109541513471,1.11574481787527
"908",1.11109541513471,1.10729135834698
"909",1.11109541513471,1.10729135834698
"910",1.11109541513471,1.10729135834698
"911",1.11109541513471,1.10729135834698
"914",1.11773511491434,1.43941637035721
"915",1.11773511491434,1.37055819976271
"916",1.11773511491434,1.37055819976271
"917",1.11773511491434,1.37055819976271
"918",1.11773511491434,1.37055819976271
"921",1.11773511491434,1.37055819976271
"922",1.11773511491434,1.37055819976271
"923",1.11773511491434,1.37055819976271
"924",1.11773511491434,1.14005727338198
"925",1.11773511491434,1.14005727338198
"928",1.11773511491434,1.14005727338198
"929",1.11773511491434,1.14005727338198
"930",1.11773511491434,1.11574481787527
"931",1.11773511491434,1.10729135834698
"932",1.11773511491434,1.10729135834698
"935",1.11773511491434,1.10729135834698
"936",1.11773511491434,1.10729135834698
"937",1.11773511491434,1.02301313973376
"938",1.11773511491434,0.914019897180618
"939",1.11773511491434,0.914019897180618
"942",1.11773511491434,0.914019897180618
"943",1.11773511491434,0.848344911104261
"944",1.11773511491434,0.843982122834188
"945",1.11773511491434,0.828369354161386
"946",1.11773511491434,0.819621162326637
"949",1.11773511491434,0.819621162326637
"950",1.11773511491434,0.798741535060257
"951",1.11773511491434,0.798741535060257
"952",1.12911800812326,1.31165236317624
"953",1.2172750637894,1.43941637035721
"956",1.2172750637894,1.37055819976271
"957",1.2172750637894,1.37055819976271
"958",1.2172750637894,1.37055819976271
"959",1.2172750637894,1.31165236317624
"960",1.2172750637894,1.31165236317624
"963",1.2172750637894,1.31165236317624
"964",1.2172750637894,1.31165236317624
"965",1.2172750637894,1.31165236317624
"966",1.2172750637894,1.31165236317624
"967",1.2172750637894,1.31165236317624
"970",1.2172750637894,1.31165236317624
"971",1.2172750637894,1.31165236317624
"972",1.2172750637894,1.31165236317624
"973",1.2172750637894,1.31165236317624
"974",1.2172750637894,1.31165236317624
"977",1.2172750637894,1.31165236317624
"978",1.26598967988828,1.31165236317624
"979",1.26598967988828,1.22862930265268
"980",1.26598967988828,1.22862930265268
"981",1.26598967988828,1.22862930265268
"984",1.26598967988828,1.22862930265268
"985",1.26598967988828,1.22862930265268
"986",1.26598967988828,1.22862930265268
"987",1.26598967988828,1.22862930265268
"988",1.26598967988828,1.22862930265268
"991",1.26598967988828,1.22862930265268
"992",1.26598967988828,1.22862930265268
"993",1.26598967988828,1.22862930265268
"994",1.26598967988828,1.22862930265268
"995",1.26598967988828,1.22862930265268
"998",1.26598967988828,1.22862930265268
"999",1.26598967988828,1.22862930265268
"1000",1.26598967988828,1.14005727338198
"1001",1.26598967988828,1.10729135834698
"1002",1.26598967988828,1.104823162601
"1005",1.26598967988828,1.104823162601
"1006",1.26598967988828,1.104823162601
"1007",1.26598967988828,1.104823162601
"1008",1.26598967988828,1.104823162601
"1009",1.30710184613666,1.30337869583155
"1012",1.30710184613666,1.30337869583155
"1013",1.30710184613666,1.30337869583155
"1014",1.30710184613666,1.30337869583155
"1015",1.30710184613666,1.22862930265268
"1016",1.30710184613666,1.22862930265268
"1019",1.30710184613666,1.22862930265268
"1020",1.30710184613666,1.22862930265268
"1021",1.30710184613666,1.22862930265268
"1022",1.33815998964015,1.30337869583155
"1023",1.33815998964015,1.30337869583155
"1026",1.33815998964015,1.30337869583155
"1027",1.33815998964015,1.30337869583155
"1028",1.33815998964015,1.30337869583155
"1029",1.33815998964015,1.30337869583155
"1030",1.30710184613666,1.30337869583155
"1033",1.33815998964015,1.81960151393187
"1034",1.33815998964015,1.81960151393187
"1035",1.33815998964015,1.81960151393187
"1036",1.33815998964015,1.81960151393187
"1040",1.33815998964015,1.81960151393187
"1041",1.33815998964015,1.76349489238687
"1042",1.33815998964015,1.76349489238687
"1043",1.38385473221849,4.29179874905523
"1044",1.38385473221849,4.29179874905523
"1047",1.40752760022786,4.29179874905523
"1048",1.41779569397619,2.17820456106685
"1049",1.41779569397619,2.17820456106685
"1050",1.47055078164209,2.17820456106685
"1051",1.47055078164209,2.17820456106685
"1055",1.47055078164209,2.17820456106685
"1056",1.47055078164209,2.17820456106685
"1057",1.47055078164209,2.17820456106685
"1058",1.47055078164209,2.17820456106685
"1061",1.62330487461874,4.26284201802802
"1062",1.62330487461874,4.26284201802802
"1063",1.62330487461874,4.26284201802802
"1064",1.62330487461874,4.26284201802802
"1065",1.62330487461874,4.26284201802802
"1068",1.62330487461874,4.26284201802802
"1069",1.62330487461874,4.26284201802802
"1070",1.62330487461874,4.26284201802802
"1071",1.62330487461874,4.26284201802802
"1072",1.62330487461874,4.26284201802802
"1075",1.62330487461874,4.26284201802802
"1076",1.62330487461874,2.17820456106685
"1078",1.62330487461874,2.17820456106685
"1079",1.62330487461874,2.17820456106685
"1082",1.78015237584702,2.38009546983031
"1083",1.78015237584702,2.38009546983031
"1084",1.78015237584702,2.38009546983031
"1085",1.78015237584702,2.38009546983031
"1086",1.78015237584702,2.38009546983031
"1089",1.78015237584702,2.38009546983031
"1091",1.78015237584702,2.38009546983031
"1092",1.78015237584702,2.38009546983031
"1093",1.78015237584702,2.38009546983031
"1096",1.78015237584702,2.38009546983031
"1098",1.78015237584702,2.38009546983031
"1099",1.78015237584702,2.38009546983031
"1100",1.78015237584702,2.38009546983031
"1103",1.78015237584702,2.38009546983031
"1104",1.78015237584702,2.17820456106685
"1105",1.78015237584702,2.17820456106685
"1106",1.78015237584702,2.17820456106685
"1107",1.62330487461874,2.17820456106685
"1110",1.62330487461874,2.17820456106685
"1111",1.62330487461874,2.17820456106685
"1112",1.62330487461874,2.13219856582808
"1113",1.62330487461874,2.13219856582808
"1114",1.62330487461874,2.13219856582808
"1117",1.62330487461874,2.13219856582808
"1118",1.62330487461874,2.13219856582808
"1119",1.62330487461874,2.13219856582808
"1120",1.62330487461874,2.07324843397161
"1121",1.62330487461874,2.07324843397161
"1124",1.62330487461874,2.07324843397161
"1125",1.62330487461874,2.07324843397161
"1126",1.62330487461874,1.81960151393187
"1127",1.62330487461874,1.81960151393187
"1128",1.62330487461874,1.76349489238687
"1132",1.62330487461874,1.30337869583155
"1133",1.62330487461874,1.30337869583155
"1134",1.47055078164209,1.24091189828972
"1135",1.47055078164209,1.24091189828972
"1138",1.40154437653023,1.24091189828972
"1139",1.40154437653023,1.24091189828972
"1140",1.47055078164209,1.94327166498985
"1141",1.47055078164209,1.94327166498985
"1142",1.47055078164209,1.94327166498985
"1145",1.47055078164209,1.94327166498985
"1146",1.47055078164209,1.94327166498985
"1147",1.47055078164209,1.94327166498985
"1148",1.47055078164209,1.94327166498985
"1149",1.47055078164209,1.94327166498985
"1152",1.47055078164209,1.94327166498985
"1153",1.47055078164209,1.94327166498985
"1154",1.47055078164209,1.81960151393187
"1155",1.47055078164209,1.81960151393187
"1156",1.47055078164209,1.30337869583155
"1159",1.47055078164209,1.24091189828972
"1160",1.47055078164209,1.24091189828972
"1161",1.47055078164209,1.24091189828972
"1162",1.47055078164209,1.23542039390638
"1163",1.47055078164209,1.23542039390638
"1166",1.47055078164209,1.23542039390638
"1167",1.47055078164209,1.20792223340586
"1168",1.47055078164209,1.13167774934114
"1169",1.47055078164209,1.13167774934114
"1170",1.47055078164209,1.13167774934114
"1174",1.47055078164209,1.13167774934114
"1175",1.47055078164209,1.13167774934114
"1176",1.47055078164209,1.13167774934114
"1177",1.62330487461874,1.94327166498985
"1180",1.62330487461874,1.94327166498985
"1181",1.47055078164209,1.94327166498985
"1182",1.47055078164209,1.94327166498985
"1183",1.47055078164209,1.94327166498985
"1184",1.43267878781511,1.94327166498985
"1187",1.43267878781511,1.94327166498985
"1188",1.43267878781511,1.76349489238687
"1189",1.43267878781511,1.24091189828972
"1190",1.43267878781511,1.23542039390638
"1191",1.43267878781511,1.23542039390638
"1194",1.43267878781511,1.22862930265268
"1195",1.43267878781511,1.13167774934114
"1196",1.43267878781511,1.13167774934114
"1197",1.43267878781511,1.13167774934114
"1198",1.43267878781511,1.13167774934114
"1201",1.43267878781511,1.13167774934114
"1202",1.43267878781511,1.13167774934114
"1203",1.43267878781511,1.13167774934114
"1208",1.43267878781511,1.13167774934114
"1209",1.43267878781511,1.11409865056215
"1210",1.43267878781511,1.09989389752383
"1211",1.43267878781511,1.09150471999875
"1212",1.43267878781511,1.09150471999875
"1215",1.43267878781511,1.09150471999875
"1216",1.43267878781511,1.09150471999875
"1218",1.43267878781511,1.04999895918388
"1219",1.43267878781511,1.02322187593539
"1222",1.33815998964015,1.02322187593539
"1223",1.33815998964015,1.21576922161409
"1224",1.33815998964015,1.21576922161409
"1225",1.33815998964015,1.21576922161409
"1226",1.33815998964015,1.21576922161409
"1229",1.33815998964015,1.21576922161409
"1230",1.33815998964015,1.21576922161409
"1231",1.33815998964015,1.13167774934114
"1232",1.33815998964015,1.13167774934114
"1233",1.33815998964015,1.13167774934114
"1236",1.30710184613666,1.13167774934114
"1237",1.30710184613666,1.11409865056215
"1238",1.30710184613666,1.09150471999875
"1239",1.30710184613666,1.09150471999875
"1240",1.30710184613666,1.07039620109584
"1243",1.30710184613666,1.02322187593539
"1244",1.30710184613666,1.02322187593539
"1245",1.30710184613666,1.02322187593539
"1246",1.30710184613666,0.802670408919704
"1247",1.34514156237335,1.21576922161409
"1250",1.34514156237335,1.21576922161409
"1251",1.34514156237335,1.21576922161409
"1252",1.34514156237335,1.21576922161409
"1253",1.34514156237335,1.21576922161409
"1254",1.34514156237335,1.21576922161409
"1257",1.34514156237335,1.21576922161409
"1258",1.34514156237335,1.21576922161409
"1259",1.34514156237335,1.21576922161409
"1260",1.34514156237335,1.13167774934114
"1261",1.34514156237335,1.13167774934114
"1264",1.34514156237335,1.09989389752383
"1265",1.34514156237335,1.09150471999875
"1266",1.34514156237335,1.02322187593539
"1267",1.34514156237335,1.02322187593539
"1268",1.34514156237335,0.814077533836759
"1271",1.34514156237335,0.814077533836759
"1272",1.34514156237335,0.814077533836759
"1273",1.34514156237335,0.814077533836759
"1274",1.34514156237335,1.09179691835521
"1275",1.34514156237335,1.09179691835521
"1278",1.34514156237335,1.09179691835521
"1279",1.34514156237335,1.09179691835521
"1280",1.30710184613666,1.09179691835521
"1281",1.30710184613666,1.09179691835521
"1282",1.30710184613666,1.09179691835521
"1285",1.30710184613666,1.09179691835521
"1286",1.34514156237335,1.24091189828972
"1287",1.34514156237335,1.21576922161409
"1288",1.34514156237335,1.21576922161409
"1289",1.34514156237335,1.21576922161409
"1292",1.34514156237335,1.21576922161409
"1293",1.34514156237335,1.20792223340586
"1294",1.34514156237335,1.13167774934114
"1295",1.55591274478416,1.78329008006745
"1296",1.55591274478416,1.78329008006745
"1299",1.55591274478416,1.78329008006745
"1300",1.55591274478416,1.78329008006745
"1301",1.55591274478416,1.78329008006745
"1302",1.55591274478416,1.78329008006745
"1303",1.55591274478416,1.38607280583649
"1306",1.55591274478416,1.38607280583649
"1307",1.55591274478416,1.38607280583649
"1308",1.55591274478416,1.38607280583649
"1309",1.55591274478416,1.38607280583649
"1310",1.55591274478416,1.38607280583649
"1313",1.55591274478416,1.27151251131572
"1314",1.55591274478416,1.27151251131572
"1315",1.55591274478416,1.27151251131572
"1316",1.55591274478416,1.27151251131572
"1317",1.55591274478416,1.27151251131572
"1320",1.57477126948584,1.42036103256683
"1321",1.40150250786515,1.42036103256683
"1322",1.58367910394211,1.78329008006745
"1323",1.58367910394211,1.78329008006745
"1324",1.58367910394211,1.78329008006745
"1327",1.58367910394211,1.78329008006745
"1328",1.58367910394211,1.78329008006745
"1329",1.58367910394211,1.78329008006745
"1330",1.58367910394211,1.78329008006745
"1331",1.58367910394211,1.78329008006745
"1334",1.58367910394211,1.42036103256683
"1335",1.58367910394211,1.42036103256683
"1336",1.58367910394211,1.42036103256683
"1337",1.58367910394211,1.42036103256683
"1338",1.58367910394211,1.42036103256683
"1341",1.58367910394211,1.42036103256683
"1342",1.58367910394211,1.42036103256683
"1343",1.58367910394211,1.42036103256683
"1344",1.58367910394211,1.42036103256683
"1345",1.58367910394211,1.42036103256683
"1348",1.58367910394211,1.42036103256683
"1349",1.58367910394211,1.42036103256683
"1350",1.58367910394211,1.38607280583649
"1351",1.58367910394211,1.38607280583649
"1352",1.58367910394211,1.27151251131572
"1356",1.58367910394211,1.27151251131572
"1357",1.58367910394211,1.27151251131572
"1358",1.58367910394211,1.27151251131572
"1359",1.58367910394211,1.27151251131572
"1362",1.58367910394211,1.27151251131572
"1363",1.58367910394211,1.27151251131572
"1364",1.58367910394211,1.21576922161409
"1365",1.58367910394211,1.21390743381276
"1366",1.58367910394211,1.21390743381276
"1369",1.58367910394211,1.21390743381276
"1370",1.58367910394211,1.21390743381276
"1371",1.72510133282564,1.67749235780961
"1372",1.72510133282564,1.67749235780961
"1373",1.72510133282564,1.42036103256683
"1376",1.72510133282564,1.42036103256683
"1377",1.72510133282564,1.42036103256683
"1378",1.72510133282564,1.42036103256683
"1379",1.72510133282564,1.42036103256683
"1380",1.72510133282564,1.42036103256683
"1383",1.72510133282564,1.38607280583649
"1384",1.72510133282564,1.27151251131572
"1385",1.72510133282564,1.27151251131572
"1386",1.72510133282564,1.27151251131572
"1387",1.72510133282564,1.27151251131572
"1390",1.72510133282564,1.21390743381276
"1391",1.53607012892608,1.21390743381276
"1392",1.53607012892608,1.21390743381276
"1393",1.53607012892608,1.21390743381276
"1394",1.53607012892608,1.21390743381276
"1397",1.53607012892608,1.21390743381276
"1398",1.53607012892608,1.21390743381276
"1399",1.53607012892608,1.19639673842147
"1400",1.40150250786515,1.19639673842147
"1401",1.40150250786515,1.19639673842147
"1404",1.40150250786515,1.09179691835521
"1405",1.40150250786515,1.07588014108265
"1406",1.40150250786515,1.07588014108265
"1407",1.40150250786515,1.07588014108265
"1408",1.40150250786515,1.07588014108265
"1411",1.32306464385007,1.07588014108265
"1412",1.32306464385007,1.14153654519379
"1413",1.25468217415142,1.14153654519379
"1414",1.23789157087888,1.14153654519379
"1415",1.23789157087888,1.14153654519379
"1419",1.22461224914562,1.14153654519379
"1420",1.22461224914562,1.14153654519379
"1421",1.21474523832336,1.14153654519379
"1422",1.21474523832336,1.14153654519379
"1425",1.21474523832336,1.14153654519379
"1426",1.22461224914562,1.38607280583649
"1427",1.21474523832336,1.27151251131572
"1428",1.21474523832336,1.21576922161409
"1429",1.21474523832336,1.21390743381276
"1432",1.21474523832336,1.21390743381276
"1433",1.21474523832336,1.19639673842147
"1434",1.21474523832336,1.19639673842147
"1435",1.21474523832336,1.14153654519379
"1436",1.21474523832336,1.14153654519379
"1439",1.21474523832336,1.14153654519379
"1440",1.21474523832336,1.14153654519379
"1441",1.20427655134755,1.14153654519379
"1443",1.20427655134755,1.14153654519379
"1446",1.20427655134755,1.14153654519379
"1447",1.20427655134755,1.14153654519379
"1448",1.16622363214625,1.14153654519379
"1449",1.16622363214625,1.14153654519379
"1450",1.16622363214625,1.09179691835521
"1453",1.16622363214625,1.07588014108265
"1454",1.16622363214625,1.07588014108265
"1456",1.16622363214625,1.07588014108265
"1457",1.16622363214625,1.07588014108265
"1460",1.20427655134755,1.37408199044463
"1461",1.20427655134755,1.37408199044463
"1463",1.20427655134755,1.37408199044463
"1464",1.20427655134755,1.37408199044463
"1467",1.20427655134755,1.27151251131572
"1468",1.20427655134755,1.21390743381276
"1469",1.20427655134755,1.19639673842147
"1470",1.20427655134755,1.14153654519379
"1471",1.20427655134755,1.14153654519379
"1474",1.20427655134755,1.14153654519379
"1475",1.20427655134755,1.14153654519379
"1476",1.20427655134755,1.14153654519379
"1477",1.20427655134755,1.14153654519379
"1478",1.20427655134755,1.07588014108265
"1481",1.20427655134755,1.07588014108265
"1482",1.20427655134755,1.01801633495446
"1483",1.20427655134755,1.01801633495446
"1484",1.20427655134755,1.01801633495446
"1485",1.20427655134755,1.01801633495446
"1488",1.21474523832336,1.37408199044463
"1489",1.21474523832336,1.37408199044463
"1490",1.21474523832336,1.37408199044463
"1491",1.21474523832336,1.37408199044463
"1492",1.24085370197982,1.6959851867905
"1496",1.24085370197982,1.6959851867905
"1497",1.24085370197982,1.6959851867905
"1498",1.24085370197982,1.6959851867905
"1499",1.24085370197982,1.6959851867905
"1502",1.24085370197982,1.6959851867905
"1503",1.24085370197982,1.67749235780961
"1504",1.24085370197982,1.58070196068955
"1505",1.24085370197982,1.58070196068955
"1506",1.21474523832336,1.58070196068955
"1509",1.21474523832336,1.58070196068955
"1510",1.21474523832336,1.37408199044463
"1511",1.21474523832336,1.37408199044463
"1512",1.21474523832336,1.37408199044463
"1513",1.21474523832336,1.37408199044463
"1516",1.24085370197982,1.6959851867905
"1517",1.31766877692373,1.77844119753105
"1518",1.31766877692373,1.77844119753105
"1519",1.37947785737097,2.22185448605753
"1520",1.37947785737097,2.22185448605753
"1523",1.37947785737097,2.22185448605753
"1524",1.37947785737097,2.22185448605753
"1525",1.37947785737097,2.22185448605753
"1526",1.40150250786515,2.47220683189521
"1527",1.49251445022205,2.47220683189521
"1530",1.62425763939358,2.67930905015442
"1531",1.62425763939358,2.67930905015442
"1532",1.68581413085101,2.67930905015442
"1533",1.73309039162374,5.42347125614076
"1534",1.73309039162374,5.42347125614076
"1538",1.78062319467243,5.42347125614076
"1539",1.93284999800043,5.42347125614076
"1540",1.93284999800043,5.42347125614076
"1541",2.16173370949892,3.6749472576428
"1544",2.21976960898305,3.88333067380765
"1545",2.16173370949892,3.88333067380765
"1546",2.16173370949892,3.88333067380765
"1547",2.16173370949892,3.88333067380765
"1548",2.21976960898305,5.48889918491906
"1551",2.21976960898305,5.42347125614076
"1552",2.21976960898305,5.42347125614076
"1553",2.23746125492036,5.42347125614076
"1554",2.23746125492036,5.42347125614076
"1555",2.23746125492036,5.42347125614076
"1558",2.23746125492036,5.42347125614076
"1559",2.23746125492036,5.42347125614076
"1560",2.23746125492036,5.42347125614076
"1565",2.23746125492036,5.42347125614076
"1566",2.23746125492036,5.42347125614076
"1567",2.26128212792681,5.42347125614076
"1568",2.26128212792681,5.42347125614076
"1569",2.26128212792681,3.88333067380765
"1572",2.26128212792681,3.88333067380765
"1573",2.26128212792681,3.88333067380765
"1574",2.26128212792681,3.88333067380765
"1575",2.26128212792681,3.88333067380765
"1576",2.26128212792681,3.88333067380765
"1579",2.26128212792681,3.88333067380765
"1580",2.26128212792681,3.88333067380765
"1581",2.26128212792681,3.88333067380765
"1582",2.26128212792681,3.88333067380765
"1586",2.26128212792681,3.6749472576428
"1587",2.26128212792681,3.6749472576428
"1588",2.26128212792681,3.6749472576428
"1589",2.26128212792681,3.6749472576428
"1590",2.26128212792681,3.6749472576428
"1593",2.26128212792681,3.6749472576428
"1594",2.26128212792681,3.6749472576428
"1595",2.27457014851247,3.26178191122788
"1596",2.27457014851247,3.26178191122788
"1597",2.27457014851247,3.26178191122788
"1600",2.27457014851247,3.26178191122788
"1601",2.36853987653789,3.42734078290124
"1602",2.36853987653789,3.42734078290124
"1603",2.36853987653789,3.42734078290124
"1604",2.36853987653789,3.42734078290124
"1607",2.36853987653789,3.42734078290124
"1608",2.36853987653789,3.42734078290124
"1609",2.36853987653789,3.42734078290124
"1610",2.36853987653789,3.42734078290124
"1611",2.36853987653789,3.42734078290124
"1614",2.36853987653789,3.42734078290124
"1615",2.36853987653789,3.42734078290124
"1616",2.36853987653789,3.42734078290124
"1617",2.36853987653789,3.42734078290124
"1618",2.36853987653789,3.26178191122788
"1621",2.36853987653789,3.26178191122788
"1622",2.36853987653789,3.26178191122788
"1623",2.41841994104731,3.26178191122788
"1624",2.49314409988156,3.83256915010766
"1625",2.49314409988156,3.6749472576428
"1628",2.49314409988156,3.6749472576428
"1629",2.49314409988156,3.6749472576428
"1630",2.49314409988156,3.42734078290124
"1631",2.49314409988156,3.42734078290124
"1632",2.49314409988156,3.42734078290124
"1635",2.49314409988156,3.42734078290124
"1636",2.49314409988156,3.42734078290124
"1637",2.49314409988156,3.42734078290124
"1638",2.49314409988156,3.42734078290124
"1639",2.49314409988156,3.42734078290124
"1642",2.49314409988156,3.42734078290124
"1643",2.49314409988156,3.26178191122788
"1644",2.49314409988156,3.26178191122788
"1645",2.49314409988156,2.89307057759295
"1646",2.49314409988156,2.89307057759295
"1649",2.49314409988156,2.89307057759295
"1650",2.49314409988156,2.89307057759295
"1651",2.49314409988156,2.89307057759295
"1652",2.49314409988156,2.89307057759295
"1653",2.49314409988156,2.67930905015442
"1656",2.49314409988156,2.67930905015442
"1657",2.49314409988156,2.59818937535549
"1658",2.49314409988156,2.59818937535549
"1659",2.49314409988156,2.59818937535549
"1660",2.49314409988156,2.52817971755969
"1663",2.49314409988156,2.52817971755969
"1664",2.49314409988156,2.5187340940871
"1665",2.49314409988156,2.47220683189521
"1666",2.49314409988156,2.37441248489903
"1667",2.49314409988156,2.37441248489903
"1670",2.49314409988156,2.37441248489903
"1671",2.49314409988156,2.37441248489903
"1672",2.49314409988156,2.37441248489903
"1673",2.49314409988156,2.37441248489903
"1674",2.49314409988156,2.37441248489903
"1677",2.49314409988156,2.28372145851827
"1678",2.49314409988156,2.26708271305317
"1679",2.49314409988156,2.22185448605753
"1680",2.49314409988156,1.94181791015686
"1681",2.49314409988156,1.94181791015686
"1684",2.49314409988156,1.94181791015686
"1685",2.49314409988156,1.94181791015686
"1686",2.49314409988156,1.94181791015686
"1687",2.49314409988156,1.85231891199016
"1688",2.49314409988156,1.85231891199016
"1691",2.49314409988156,1.85231891199016
"1692",2.49314409988156,1.85231891199016
"1693",2.49314409988156,1.85231891199016
"1694",2.49314409988156,1.85231891199016
"1695",2.49314409988156,1.85231891199016
"1698",2.49314409988156,1.85231891199016
"1699",2.49314409988156,1.77844119753105
"1700",2.49314409988156,1.71069154999873
"1701",2.49314409988156,1.59202644896164
"1702",2.49314409988156,1.59202644896164
"1705",2.52298462464977,2.52817971755969
"1706",2.52298462464977,2.47220683189521
"1707",2.52298462464977,2.37441248489903
"1708",2.52298462464977,2.37441248489903
"1709",2.52298462464977,2.37441248489903
"1712",2.52298462464977,2.26708271305317
"1713",2.52298462464977,1.94181791015686
"1714",2.52298462464977,1.94181791015686
"1715",2.52298462464977,1.94181791015686
"1716",2.52298462464977,1.85231891199016
"1719",2.52298462464977,1.85231891199016
"1720",2.52298462464977,1.85231891199016
"1722",2.52298462464977,1.85231891199016
"1723",2.52298462464977,1.77844119753105
"1726",2.52298462464977,1.69868229418489
"1727",2.52298462464977,1.69868229418489
"1728",2.52298462464977,1.69868229418489
"1729",2.52298462464977,1.69868229418489
"1730",2.52298462464977,1.69868229418489
"1733",2.52298462464977,1.69868229418489
"1734",2.52298462464977,1.69868229418489
"1735",2.52298462464977,1.69868229418489
"1736",2.52298462464977,2.24773517238973
"1737",2.52298462464977,2.24773517238973
"1740",2.52298462464977,2.24773517238973
"1741",2.52298462464977,2.24773517238973
"1742",2.52298462464977,2.24773517238973
"1743",2.52298462464977,2.24773517238973
"1744",2.52298462464977,2.24773517238973
"1747",2.52298462464977,1.94181791015686
"1748",2.52298462464977,1.85231891199016
"1749",2.52298462464977,1.85231891199016
"1750",2.52298462464977,1.85231891199016
"1751",2.52298462464977,1.69868229418489
"1754",2.52298462464977,1.69868229418489
"1755",2.52298462464977,1.69868229418489
"1756",2.52298462464977,1.69868229418489
"1757",2.52298462464977,1.69868229418489
"1758",2.52298462464977,1.69868229418489
"1761",2.52298462464977,1.69868229418489
"1762",2.52298462464977,1.64217092788865
"1763",2.52298462464977,1.64217092788865
"1764",2.52298462464977,1.64217092788865
"1765",2.52298462464977,1.64217092788865
"1769",2.52298462464977,1.64217092788865
"1770",2.52298462464977,1.64217092788865
"1771",2.52298462464977,1.64217092788865
"1772",2.52298462464977,1.64217092788865
"1775",2.52298462464977,1.61181243582359
"1776",2.52298462464977,1.61181243582359
"1777",2.52298462464977,1.61181243582359
"1778",2.52298462464977,1.61181243582359
"1779",2.52298462464977,1.61181243582359
"1783",2.52298462464977,1.61181243582359
"1784",2.52298462464977,1.61181243582359
"1785",2.52298462464977,1.61181243582359
"1786",2.52298462464977,1.61181243582359
"1789",2.52298462464977,1.61181243582359
"1790",2.52298462464977,1.61181243582359
"1791",2.52298462464977,1.61181243582359
"1792",2.52298462464977,1.61181243582359
"1793",2.52298462464977,1.75577909163393
"1796",2.52298462464977,1.69868229418489
"1797",2.52298462464977,1.69868229418489
"1798",2.52298462464977,1.69868229418489
"1799",2.52298462464977,1.64217092788865
"1800",2.52298462464977,1.64217092788865
"1803",2.52298462464977,1.64217092788865
"1804",2.52298462464977,1.64217092788865
"1805",2.52298462464977,1.61181243582359
"1806",2.52298462464977,1.61181243582359
"1807",2.52298462464977,1.61181243582359
"1810",2.52298462464977,1.61181243582359
"1811",2.52298462464977,1.61181243582359
"1812",2.52298462464977,1.61181243582359
"1813",2.52298462464977,1.61181243582359
"1814",2.52298462464977,1.61181243582359
"1817",2.52298462464977,1.59674357153562
"1818",2.52298462464977,1.59674357153562
"1819",2.52298462464977,1.59674357153562
"1820",2.52298462464977,1.59674357153562
"1824",2.52298462464977,1.59674357153562
"1825",2.52298462464977,1.59674357153562
"1826",2.52298462464977,1.59202644896164
"1827",2.52298462464977,1.56048736812848
"1831",2.52298462464977,1.55698020500808
"1832",2.52298462464977,1.55698020500808
"1833",2.52298462464977,1.50158998677411
"1834",2.52298462464977,1.50158998677411
"1835",2.52298462464977,1.50158998677411
"1838",2.52298462464977,1.50158998677411
"1839",2.52298462464977,1.50158998677411
"1840",2.52298462464977,1.50158998677411
"1841",2.52298462464977,1.50158998677411
"1842",2.52298462464977,1.50158998677411
"1845",2.52298462464977,1.50158998677411
"1846",2.52298462464977,1.64217092788865
"1847",2.52298462464977,1.64217092788865
"1848",2.52298462464977,1.61181243582359
"1849",2.52298462464977,1.61181243582359
"1852",2.52298462464977,1.61181243582359
"1853",2.52298462464977,1.59674357153562
"1854",2.52298462464977,1.77252571819792
"1855",2.52298462464977,1.77252571819792
"1856",2.54038150662635,2.09376673815262
"1860",2.54038150662635,2.09376673815262
"1861",2.54038150662635,2.09376673815262
"1862",2.54038150662635,2.09376673815262
"1863",2.54038150662635,2.09376673815262
"1866",2.54038150662635,2.09376673815262
"1867",2.54038150662635,1.77252571819792
"1868",2.54038150662635,1.77252571819792
"1869",2.54038150662635,1.77252571819792
"1870",2.54038150662635,1.77252571819792
"1873",2.54038150662635,1.77252571819792
"1874",2.54038150662635,1.77252571819792
"1875",2.54038150662635,1.77252571819792
"1876",2.54038150662635,1.77252571819792
"1877",2.54038150662635,1.77252571819792
"1880",2.54038150662635,1.77252571819792
"1881",2.54038150662635,1.77252571819792
"1882",2.54038150662635,1.77252571819792
"1883",2.54038150662635,1.88043655544871
"1884",2.54038150662635,1.88043655544871
"1887",2.52298462464977,1.88043655544871
"1888",2.52298462464977,1.88043655544871
"1889",2.52298462464977,1.88043655544871
"1890",2.52298462464977,1.88043655544871
"1891",2.52298462464977,1.88043655544871
"1894",2.52298462464977,1.88043655544871
"1895",2.52298462464977,1.88043655544871
"1896",2.43935720903366,1.77252571819792
"1897",2.43935720903366,1.77252571819792
"1898",2.43935720903366,1.77252571819792
"1902",2.30473996301891,1.77252571819792
"1903",2.30473996301891,1.77252571819792
"1904",2.16305253355931,1.77252571819792
"1905",2.01019488275495,1.77252571819792
"1908",2.01019488275495,1.75577909163393
"1909",1.90805816506738,1.75577909163393
"1910",1.86497185154651,1.64217092788865
"1911",1.86497185154651,1.61181243582359
"1912",1.86497185154651,1.59674357153562
"1915",1.86497185154651,1.50158998677411
"1916",1.80843265540442,1.50158998677411
"1917",1.80843265540442,1.50158998677411
"1922",1.80843265540442,1.48268644159121
"1923",1.76331507358772,1.48268644159121
"1924",1.76331507358772,1.48268644159121
"1925",1.76331507358772,1.48268644159121
"1926",1.76331507358772,1.48268644159121
"1929",1.76331507358772,1.48268644159121
"1930",1.76331507358772,1.44072657285715
"1931",1.76331507358772,1.44072657285715
"1932",1.76331507358772,1.41298895595459
"1933",1.73098094373457,1.41298895595459
"1936",1.73098094373457,1.41298895595459
"1937",1.73098094373457,1.3846385735037
"1938",1.73098094373457,1.3846385735037
"1939",1.72437585303695,1.3846385735037
"1940",1.72437585303695,1.3846385735037
"1943",1.72437585303695,1.3846385735037
"1944",1.72437585303695,1.3846385735037
"1945",1.72437585303695,1.3846385735037
"1946",1.72437585303695,1.3846385735037
"1947",1.76331507358772,1.77252571819792
"1950",1.76331507358772,1.77252571819792
"1951",1.76331507358772,1.64217092788865
"1952",1.76331507358772,1.59674357153562
"1953",1.76331507358772,1.50158998677411
"1954",1.76331507358772,1.48268644159121
"1957",1.76331507358772,1.48268644159121
"1958",1.76331507358772,1.48268644159121
"1959",1.79968113001761,1.83287107779723
"1960",1.76331507358772,1.83287107779723
"1961",1.76331507358772,1.83287107779723
"1964",1.76331507358772,1.83287107779723
"1965",1.76331507358772,1.83287107779723
"1966",1.72437585303695,1.83287107779723
"1967",1.72437585303695,1.83287107779723
"1968",1.72437585303695,1.83287107779723
"1971",1.72437585303695,1.83287107779723
"1972",1.72437585303695,1.83287107779723
"1973",1.72437585303695,1.77252571819792
"1974",1.72437585303695,1.77252571819792
"1975",1.72437585303695,1.61181243582359
"1978",1.72437585303695,1.50158998677411
"1979",1.72437585303695,1.48268644159121
"1980",1.72437585303695,1.48268644159121
"1981",1.72437585303695,1.41298895595459
"1982",1.72437585303695,1.3846385735037
"1985",1.72437585303695,1.3846385735037
"1986",1.72437585303695,1.3846385735037
"1987",1.66760104272196,1.3846385735037
"1988",1.62547375725287,1.3846385735037
"1989",1.6035245604652,1.35200965225573
"1992",1.6035245604652,1.35200965225573
"1993",1.6035245604652,1.35200965225573
"1994",1.6035245604652,1.35200965225573
"1995",1.6035245604652,1.35200965225573
"1996",1.6035245604652,1.35200965225573
"1999",1.6035245604652,1.2839994694546
"2000",1.6035245604652,1.2839994694546
"2001",1.6035245604652,1.2839994694546
"2002",1.6035245604652,1.2839994694546
"2003",1.6035245604652,1.2839994694546
"2006",1.6035245604652,1.2839994694546
"2007",1.6035245604652,1.2839994694546
"2008",1.6035245604652,1.2839994694546
"2009",1.6035245604652,1.2839994694546
"2010",1.6035245604652,1.2839994694546
"2013",1.6035245604652,1.23703847989494
"2014",1.6035245604652,1.20632496936918
"2015",1.6035245604652,1.20632496936918
"2016",1.6035245604652,1.16992453404094
"2017",1.59414915411993,1.16992453404094
"2020",1.59414915411993,1.16992453404094
"2021",1.59414915411993,1.15085313688693
"2022",1.59414915411993,1.15085313688693
"2023",1.59414915411993,1.09965783068926
"2024",1.59414915411993,1.09965783068926
"2027",1.6035245604652,1.3846385735037
"2028",1.6035245604652,1.3846385735037
"2029",1.6035245604652,1.35200965225573
"2030",1.6035245604652,1.35200965225573
"2031",1.6035245604652,1.30749436360345
"2034",1.6035245604652,1.2839994694546
"2035",1.6035245604652,1.2839994694546
"2036",1.6035245604652,1.2839994694546
"2037",1.6035245604652,1.2839994694546
"2038",1.6035245604652,1.49516574793436
"2041",1.6035245604652,1.49516574793436
"2042",1.6035245604652,1.49516574793436
"2043",1.6035245604652,1.49516574793436
"2044",1.6035245604652,1.49516574793436
"2045",1.6035245604652,1.49516574793436
"2048",1.6035245604652,1.49516574793436
"2049",1.6035245604652,1.49516574793436
"2050",1.6035245604652,1.49516574793436
"2051",1.6035245604652,1.49516574793436
"2052",1.6035245604652,1.3846385735037
"2055",1.6035245604652,1.35200965225573
"2056",1.6035245604652,1.35200965225573
"2057",1.6035245604652,1.2839994694546
"2058",1.62547375725287,1.72040177683663
"2059",1.62547375725287,1.72040177683663
"2062",1.62547375725287,1.64217092788865
"2063",1.62547375725287,1.49516574793436
"2064",1.62547375725287,1.49516574793436
"2065",1.62547375725287,1.49516574793436
"2066",1.62547375725287,1.49516574793436
"2069",1.62547375725287,1.49516574793436
"2070",1.6035245604652,1.49516574793436
"2071",1.62547375725287,1.72040177683663
"2072",1.62547375725287,1.72040177683663
"2073",1.6035245604652,1.72040177683663
"2076",1.6035245604652,1.72040177683663
"2077",1.6035245604652,1.72040177683663
"2078",1.6035245604652,1.72040177683663
"2079",1.6035245604652,1.72040177683663
"2080",1.6035245604652,1.72040177683663
"2083",1.6035245604652,1.72040177683663
"2084",1.6035245604652,1.72040177683663
"2085",1.6035245604652,1.72040177683663
"2087",1.6035245604652,1.72040177683663
"2090",1.6035245604652,1.7094515945094
"2091",1.6035245604652,1.7094515945094
"2092",1.6035245604652,1.7094515945094
"2093",1.6035245604652,1.7094515945094
"2094",1.6035245604652,1.7094515945094
"2097",1.6035245604652,1.7094515945094
"2098",1.6035245604652,1.7094515945094
"2099",1.6035245604652,1.7094515945094
"2100",1.6035245604652,1.7094515945094
"2101",1.54440909991679,1.7094515945094
"2104",1.54440909991679,1.7094515945094
"2105",1.54440909991679,1.7094515945094
"2106",1.54440909991679,1.7094515945094
"2107",1.54440909991679,1.7094515945094
"2108",1.54440909991679,1.7094515945094
"2111",1.54440909991679,1.49516574793436
"2112",1.54440909991679,1.49516574793436
"2113",1.54440909991679,1.49516574793436
"2114",1.54440909991679,1.49516574793436
"2115",1.54440909991679,1.47267639535937
"2118",1.54440909991679,1.47267639535937
"2119",1.54440909991679,1.47267639535937
"2120",1.54440909991679,1.47267639535937
"2121",1.54440909991679,1.47267639535937
"2122",1.54440909991679,1.47267639535937
"2125",1.54440909991679,1.47267639535937
"2126",1.54440909991679,1.47267639535937
"2127",1.54440909991679,1.47267639535937
"2128",1.49805665541225,1.47267639535937
"2129",1.48830212944562,1.31290105541389
"2132",1.48830212944562,1.31290105541389
"2134",1.48830212944562,1.31290105541389
"2135",1.48830212944562,1.31290105541389
"2136",1.48830212944562,1.31290105541389
"2139",1.48830212944562,1.31290105541389
"2140",1.48830212944562,1.31290105541389
"2141",1.48830212944562,1.31290105541389
"2142",1.48830212944562,1.31290105541389
"2143",1.48830212944562,1.2839994694546
"2147",1.48830212944562,1.09965783068926
"2148",1.48830212944562,1.03802420555344
"2149",1.48830212944562,1.0018006941627
"2150",1.48830212944562,0.967728311266512
"2153",1.48830212944562,0.946859203100791
"2154",1.48830212944562,0.946859203100791
"2155",1.48830212944562,0.946859203100791
"2156",1.48830212944562,0.946859203100791
"2157",1.49805665541225,1.49516574793436
"2160",1.48830212944562,1.47267639535937
"2161",1.48830212944562,1.47267639535937
"2162",1.48830212944562,1.47267639535937
"2163",1.48830212944562,1.47267639535937
"2164",1.48830212944562,1.47267639535937
"2167",1.48830212944562,1.31290105541389
"2168",1.48830212944562,1.31290105541389
"2169",1.48830212944562,1.31290105541389
"2170",1.48830212944562,1.31290105541389
"2171",1.48830212944562,1.2839994694546
"2174",1.49805665541225,1.56313187402969
"2175",1.49805665541225,1.56313187402969
"2176",1.49805665541225,1.56313187402969
"2177",1.49805665541225,1.56313187402969
"2178",1.49805665541225,1.56313187402969
"2181",1.49805665541225,1.56313187402969
"2182",1.49805665541225,1.56313187402969
"2183",1.48830212944562,1.56313187402969
"2184",1.48830212944562,1.56313187402969
"2185",1.48830212944562,1.49516574793436
"2188",1.48830212944562,1.47267639535937
"2189",1.48830212944562,1.47267639535937
"2190",1.48830212944562,1.45288428029026
"2191",1.48830212944562,1.45288428029026
"2192",1.48830212944562,1.45288428029026
"2195",1.48830212944562,1.45288428029026
"2196",1.48830212944562,1.45288428029026
"2197",1.48830212944562,1.45288428029026
"2198",1.48830212944562,1.45288428029026
"2199",1.48830212944562,1.45288428029026
"2202",1.48830212944562,1.45288428029026
"2203",1.48830212944562,1.45288428029026
"2204",1.48830212944562,1.45288428029026
"2205",1.48830212944562,1.45288428029026
"2206",1.48830212944562,1.45288428029026
"2209",1.47718091616369,1.31290105541389
"2210",1.47718091616369,1.38254476037041
"2211",1.47718091616369,1.38254476037041
"2212",1.47718091616369,1.38254476037041
"2213",1.48830212944562,1.56313187402969
"2216",1.48830212944562,1.56313187402969
"2217",1.47718091616369,1.56313187402969
"2218",1.47718091616369,1.56313187402969
"2219",1.46179073207136,1.56313187402969
"2220",1.46179073207136,1.47267639535937
"2223",1.46179073207136,1.45288428029026
"2224",1.46179073207136,1.45288428029026
"2225",1.46179073207136,1.45288428029026
"2226",1.47718091616369,1.72458388610747
"2227",1.47718091616369,1.72458388610747
"2231",1.47718091616369,1.72458388610747
"2232",1.46179073207136,1.72458388610747
"2233",1.46179073207136,1.72458388610747
"2234",1.46179073207136,1.72458388610747
"2237",1.48279660401811,1.72458388610747
"2238",1.48279660401811,1.72040177683663
"2239",1.48279660401811,1.69480409308622
"2240",1.52575050467725,1.74625476584397
"2241",1.52575050467725,1.74625476584397
"2244",1.52575050467725,1.74625476584397
"2245",1.52575050467725,1.72458388610747
"2246",1.52575050467725,1.82124312377915
"2247",1.52575050467725,1.82124312377915
"2248",1.52575050467725,1.82124312377915
"2251",1.52575050467725,1.82124312377915
"2252",1.52575050467725,1.82124312377915
"2253",1.52575050467725,1.82124312377915
"2254",1.52575050467725,1.82124312377915
"2255",1.52575050467725,1.82124312377915
"2258",1.62238437260513,1.91124906878221
"2259",1.62238437260513,1.91124906878221
"2260",1.62238437260513,1.91124906878221
"2261",1.62238437260513,1.91124906878221
"2262",1.62238437260513,1.91124906878221
"2265",1.62238437260513,1.82124312377915
"2266",1.62238437260513,1.82124312377915
"2267",1.62238437260513,1.82124312377915
"2268",1.62238437260513,1.82124312377915
"2269",1.62238437260513,1.82124312377915
"2273",1.62238437260513,1.82124312377915
"2274",1.62238437260513,1.82124312377915
"2275",1.62238437260513,1.82124312377915
"2276",1.62238437260513,1.82124312377915
"2279",1.62238437260513,1.82124312377915
"2280",1.62238437260513,1.74625476584397
"2281",1.62238437260513,1.74625476584397
"2282",1.62238437260513,1.74625476584397
"2283",1.62238437260513,1.74625476584397
"2286",1.62238437260513,1.74625476584397
"2287",1.62238437260513,1.72458388610747
"2288",1.62238437260513,1.72458388610747
"2289",1.62238437260513,1.72458388610747
"2290",1.62238437260513,1.72458388610747
"2293",1.62238437260513,1.72458388610747
"2294",1.62238437260513,1.72040177683663
"2295",1.62238437260513,1.69480409308622
"2300",1.62238437260513,1.69480409308622
"2301",1.62238437260513,1.69480409308622
"2302",1.62238437260513,1.69480409308622
"2303",1.62238437260513,1.69480409308622
"2304",1.62238437260513,1.56313187402969
"2307",1.62238437260513,1.48019372602211
"2308",1.62238437260513,1.48019372602211
"2309",1.62238437260513,1.48019372602211
"2310",1.52575050467725,1.48019372602211
"2311",1.62238437260513,1.82124312377915
"2314",1.62238437260513,1.82124312377915
"2315",1.63977188568242,1.82124312377915
"2316",1.63977188568242,1.82124312377915
"2317",1.70139546872665,1.77065661556065
"2318",1.71437917655665,1.97492702659427
"2321",1.71437917655665,1.97492702659427
"2322",1.70139546872665,1.97492702659427
"2323",1.70139546872665,1.97492702659427
"2324",1.70139546872665,1.97492702659427
"2325",1.70139546872665,1.97492702659427
"2328",1.70139546872665,1.97492702659427
"2329",1.70139546872665,1.97492702659427
"2330",1.71437917655665,2.10104013599542
"2331",1.71437917655665,2.10104013599542
"2332",1.71437917655665,2.10104013599542
"2335",1.71437917655665,2.10104013599542
"2336",1.71437917655665,2.06451060654987
"2337",1.71437917655665,1.97492702659427
"2338",1.71437917655665,1.97492702659427
"2339",1.71437917655665,1.97492702659427
"2342",1.71437917655665,1.97492702659427
"2343",1.71437917655665,1.97492702659427
"2344",1.71437917655665,1.97492702659427
"2345",1.71437917655665,1.97492702659427
"2346",1.71437917655665,1.97492702659427
"2349",1.71437917655665,1.97492702659427
"2350",1.71437917655665,1.97492702659427
"2351",1.71437917655665,1.97492702659427
"2352",1.71437917655665,1.91124906878221
"2353",1.71437917655665,1.91124906878221
"2356",1.71437917655665,1.91124906878221
"2357",1.71437917655665,1.82124312377915
"2358",1.71437917655665,1.77065661556065
"2359",1.71437917655665,1.77065661556065
"2360",1.71437917655665,1.77065661556065
"2363",1.71437917655665,1.77065661556065
"2364",1.71437917655665,1.77065661556065
"2365",1.72228372600851,2.01588495720655
"2366",1.72228372600851,2.01588495720655
"2367",1.72228372600851,2.01588495720655
"2370",1.72228372600851,2.01588495720655
"2371",1.72228372600851,1.97492702659427
"2372",1.72228372600851,1.97492702659427
"2373",1.72228372600851,1.97492702659427
"2374",1.72228372600851,1.97492702659427
"2377",1.72228372600851,1.97492702659427
"2378",1.72228372600851,1.97492702659427
"2379",1.72228372600851,1.91124906878221
"2380",1.72228372600851,1.91124906878221
"2381",1.72228372600851,1.82124312377915
"2384",1.72228372600851,1.77065661556065
"2385",1.72228372600851,1.77065661556065
"2386",1.72228372600851,1.77065661556065
"2387",1.72228372600851,1.77065661556065
"2388",1.71437917655665,1.74625476584397
"2391",1.71437917655665,1.69480409308622
"2392",1.71437917655665,1.67492751178604
"2393",1.71437917655665,1.67492751178604
"2394",1.71437917655665,1.67492751178604
"2395",1.71437917655665,1.67492751178604
"2398",1.71437917655665,1.67492751178604
"2399",1.71437917655665,1.67492751178604
"2400",1.71437917655665,1.67492751178604
"2401",1.71437917655665,1.67492751178604
"2402",1.71437917655665,1.64014409113974
"2405",1.71437917655665,1.64014409113974
"2406",1.71437917655665,1.64014409113974
"2407",1.71437917655665,1.64014409113974
"2408",1.71437917655665,1.64014409113974
"2409",1.71437917655665,1.64014409113974
"2412",1.71437917655665,1.64014409113974
"2413",1.71437917655665,1.59474553417023
"2414",1.71437917655665,1.59474553417023
"2415",1.71437917655665,1.59069370607568
"2416",1.71437917655665,1.59069370607568
"2419",1.71437917655665,1.59069370607568
"2420",1.71437917655665,1.59069370607568
"2421",1.70139546872665,1.59069370607568
"2422",1.70139546872665,1.59069370607568
"2423",1.70139546872665,1.59069370607568
"2426",1.70139546872665,1.59069370607568
"2427",1.70139546872665,1.59069370607568
"2428",1.70139546872665,1.59069370607568
"2429",1.70139546872665,1.59069370607568
"2430",1.70139546872665,1.59069370607568
"2433",1.71626112572853,1.72458388610747
"2434",1.70139546872665,1.67492751178604
"2435",1.71626112572853,2.03010960952649
"2436",1.71626112572853,2.03010960952649
"2437",1.71626112572853,2.03010960952649
"2440",1.71626112572853,2.03010960952649
"2441",1.71626112572853,2.03010960952649
"2442",1.71626112572853,2.03010960952649
"2443",1.71626112572853,2.03010960952649
"2444",1.71626112572853,2.03010960952649
"2447",1.71626112572853,2.03010960952649
"2448",1.72689166027756,2.01588495720655
"2449",1.72689166027756,2.01588495720655
"2450",1.72689166027756,2.01588495720655
"2454",1.72689166027756,1.97492702659427
"2455",1.72689166027756,1.77065661556065
"2456",1.72689166027756,1.74625476584397
"2457",1.72689166027756,1.72971227315212
"2458",1.73715639486345,2.02571512209698
"2461",1.73715639486345,2.02571512209698
"2462",1.73715639486345,2.02571512209698
"2463",1.73715639486345,2.02571512209698
"2464",1.73715639486345,2.02571512209698
"2465",1.73715639486345,2.02571512209698
"2468",1.73715639486345,2.02571512209698
"2469",1.73715639486345,2.02571512209698
"2470",1.73715639486345,2.02571512209698
"2471",1.73715639486345,2.02571512209698
"2472",1.73715639486345,2.02571512209698
"2475",1.73715639486345,2.01588495720655
"2476",1.73715639486345,2.01588495720655
"2477",1.73715639486345,1.97492702659427
"2478",1.73715639486345,1.77065661556065
"2479",1.73715639486345,1.72971227315212
"2482",1.73715639486345,1.72971227315212
"2483",1.73715639486345,1.72971227315212
"2484",1.73715639486345,1.72971227315212
"2485",1.73715639486345,1.72971227315212
"2486",1.73715639486345,1.72971227315212
"2489",1.73715639486345,1.72971227315212
"2490",1.73715639486345,1.72971227315212
"2491",1.73715639486345,1.72971227315212
"2492",1.73715639486345,1.67492751178604
"2493",1.73715639486345,1.64014409113974
"2496",1.73715639486345,1.59069370607568
"2497",1.73715639486345,1.59069370607568
"2499",1.73715639486345,1.59069370607568
"2500",1.73715639486345,1.5287339505898
"2503",1.73715639486345,1.5287339505898
"2504",1.73715639486345,1.43081820678773
"2505",1.73715639486345,1.43081820678773
"2506",1.73715639486345,1.43081820678773
"2507",1.73715639486345,1.43081820678773
"2510",1.73715639486345,1.43081820678773
"2511",1.73715639486345,1.43081820678773
"2512",1.73715639486345,1.43081820678773
"2513",1.73715639486345,1.30237014219683
"2514",1.73715639486345,1.30237014219683
"2518",1.73715639486345,1.30237014219683
"2519",1.73715639486345,1.30237014219683
"2520",1.72689166027756,1.30237014219683
"2521",1.72689166027756,1.30237014219683
"2524",1.72689166027756,1.2987991240205
"2525",1.73715639486345,1.72971227315212
"2526",1.73715639486345,1.72971227315212
"2527",1.73715639486345,1.72971227315212
"2528",1.73715639486345,1.72971227315212
"2531",1.73715639486345,1.67492751178604
"2532",1.73715639486345,1.59069370607568
"2533",1.73715639486345,1.59069370607568
"2534",1.73715639486345,1.5287339505898
"2535",1.73715639486345,1.43081820678773
"2539",1.73715639486345,1.43081820678773
"2540",1.73715639486345,1.43081820678773
"2541",1.73715639486345,1.41940146592134
"2542",1.73715639486345,1.41940146592134
"2545",1.73715639486345,1.41940146592134
"2546",1.73715639486345,1.41940146592134
"2547",1.73715639486345,1.41940146592134
"2548",1.73715639486345,1.41940146592134
"2549",1.73715639486345,1.41940146592134
"2552",1.73715639486345,1.41940146592134
"2553",1.73715639486345,1.41940146592134
"2554",1.73715639486345,1.58225701326325
"2555",1.73715639486345,1.58225701326325
"2556",1.75723559821648,1.79209083360502
"2559",1.75723559821648,1.79209083360502
"2560",1.75723559821648,1.79209083360502
"2561",1.75723559821648,1.79209083360502
"2562",1.75723559821648,1.72971227315212
"2563",1.75723559821648,1.72971227315212
"2566",1.75723559821648,1.59069370607568
"2567",1.75723559821648,1.58225701326325
"2568",1.75723559821648,1.58225701326325
"2569",1.75723559821648,1.58225701326325
"2570",1.75723559821648,1.58225701326325
"2573",1.75723559821648,1.58225701326325
"2574",1.75723559821648,1.58225701326325
"2575",1.75723559821648,1.58225701326325
"2576",1.75723559821648,1.58225701326325
"2577",1.74813722723596,1.58225701326325
"2580",1.74813722723596,1.58225701326325
"2581",1.74813722723596,1.58225701326325
"2582",1.74813722723596,1.58225701326325
"2583",1.74813722723596,1.5287339505898
"2584",1.74813722723596,1.43081820678773
