"varHist","varHistPonde"
NA,NA
NA,NA
NA,NA
NA,NA
NA,NA
NA,NA
NA,NA
NA,NA
NA,NA
NA,NA
NA,NA
NA,NA
NA,NA
NA,NA
NA,NA
NA,NA
NA,NA
NA,NA
NA,NA
NA,NA
NA,NA
NA,NA
NA,NA
NA,NA
NA,NA
NA,NA
NA,NA
NA,NA
NA,NA
NA,NA
NA,NA
NA,NA
NA,NA
NA,NA
NA,NA
NA,NA
NA,NA
NA,NA
NA,NA
NA,NA
NA,NA
NA,NA
NA,NA
NA,NA
NA,NA
NA,NA
NA,NA
NA,NA
NA,NA
NA,NA
NA,NA
NA,NA
NA,NA
NA,NA
NA,NA
NA,NA
NA,NA
NA,NA
NA,NA
NA,NA
NA,NA
NA,NA
NA,NA
NA,NA
NA,NA
NA,NA
NA,NA
NA,NA
NA,NA
NA,NA
NA,NA
NA,NA
NA,NA
NA,NA
NA,NA
NA,NA
NA,NA
NA,NA
NA,NA
NA,NA
NA,NA
NA,NA
NA,NA
NA,NA
NA,NA
NA,NA
NA,NA
NA,NA
NA,NA
NA,NA
NA,NA
NA,NA
NA,NA
NA,NA
NA,NA
NA,NA
NA,NA
NA,NA
NA,NA
NA,NA
NA,NA
NA,NA
NA,NA
NA,NA
NA,NA
NA,NA
NA,NA
NA,NA
NA,NA
NA,NA
NA,NA
NA,NA
NA,NA
NA,NA
NA,NA
NA,NA
NA,NA
NA,NA
NA,NA
NA,NA
NA,NA
NA,NA
NA,NA
NA,NA
NA,NA
NA,NA
NA,NA
NA,NA
NA,NA
NA,NA
NA,NA
NA,NA
NA,NA
NA,NA
NA,NA
NA,NA
NA,NA
NA,NA
NA,NA
NA,NA
NA,NA
NA,NA
NA,NA
NA,NA
NA,NA
NA,NA
NA,NA
NA,NA
NA,NA
NA,NA
NA,NA
NA,NA
NA,NA
NA,NA
NA,NA
NA,NA
NA,NA
NA,NA
NA,NA
NA,NA
NA,NA
NA,NA
NA,NA
NA,NA
NA,NA
NA,NA
NA,NA
NA,NA
NA,NA
NA,NA
NA,NA
NA,NA
NA,NA
NA,NA
NA,NA
NA,NA
NA,NA
NA,NA
NA,NA
NA,NA
NA,NA
NA,NA
NA,NA
NA,NA
NA,NA
NA,NA
NA,NA
NA,NA
NA,NA
NA,NA
NA,NA
NA,NA
NA,NA
NA,NA
NA,NA
NA,NA
NA,NA
NA,NA
NA,NA
NA,NA
NA,NA
NA,NA
NA,NA
NA,NA
NA,NA
NA,NA
NA,NA
NA,NA
NA,NA
NA,NA
NA,NA
NA,NA
NA,NA
NA,NA
NA,NA
NA,NA
NA,NA
NA,NA
NA,NA
NA,NA
NA,NA
NA,NA
NA,NA
NA,NA
NA,NA
NA,NA
NA,NA
NA,NA
NA,NA
NA,NA
NA,NA
NA,NA
NA,NA
NA,NA
NA,NA
NA,NA
NA,NA
NA,NA
NA,NA
NA,NA
NA,NA
NA,NA
NA,NA
NA,NA
NA,NA
NA,NA
NA,NA
NA,NA
NA,NA
NA,NA
NA,NA
0.0124274748277102,0.0148140536469117
0.0124274748277102,0.0122884085283299
0.0124274748277102,0.0106828157804028
0.0123448794203145,0.0204063191531941
0.0124274748277102,0.0105767520117252
0.0124274748277102,0.0110689198091242
0.0124274748277102,0.0130773726977005
0.0124274748277102,0.00782484895111868
0.0124274748277102,0.0130786713667633
0.0124274748277102,0.0124138993994068
0.0124274748277102,0.0276866177222064
0.0124274748277102,0.011308378028279
0.0124274748277102,0.010829079313179
0.0124274748277102,0.0110689198091242
0.0124274748277102,0.0103468565551528
0.0124274748277102,0.0148140536469117
0.0124274748277102,0.0135429805364962
0.0124274748277102,0.0131830624899417
0.0127290545737876,0.0131830624899417
0.0127290545737876,0.0138579528352151
0.0127290545737876,0.0276866177222064
0.0127290545737876,0.0138579528352151
0.0127290545737876,0.0120086610537132
0.0127290545737876,0.0148140536469117
0.0127290545737876,0.0130773726977005
0.0127290545737876,0.0135429805364962
0.0127290545737876,0.0135429805364962
0.0127290545737876,0.011308378028279
0.0127290545737876,0.0139586444357078
0.0127290545737876,0.0103468565551528
0.0127290545737876,0.00961792633688037
0.0127290545737876,0.0138579528352151
0.0127290545737876,0.0204063191531941
0.0127290545737876,0.0138579528352151
0.0127290545737876,0.0139760675356088
0.0127290545737876,0.0139586444357078
0.0127290545737876,0.0106828157804028
0.0127290545737876,0.0105616439536092
0.0127290545737876,0.0225403117825212
0.0127290545737876,0.0135429805364962
0.0127290545737876,0.0130786713667633
0.0127290545737876,0.0110689198091242
0.0127290545737876,0.0138579528352151
0.0127290545737876,0.0138579528352151
0.0127290545737876,0.0113000636708655
0.0127290545737876,0.0138579528352151
0.0127290545737876,0.0130773726977005
0.0127290545737876,0.0106828157804028
0.0127290545737876,0.0124440670178588
0.0127290545737876,0.0130773726977005
0.0127290545737876,0.0113000636708655
0.0127290545737876,0.00955874419872329
0.0127290545737876,0.0139586444357078
0.0127290545737876,0.0135429805364962
0.0127290545737876,0.0139586444357078
0.0127290545737876,0.0204063191531941
0.0127290545737876,0.0113493891254621
0.0127290545737876,0.0135429805364962
0.0127290545737876,0.0105616439536092
0.0127290545737876,0.0131830624899417
0.0127290545737876,0.0124440670178588
0.0127290545737876,0.00859580507830162
0.0127290545737876,0.0110357934791404
0.0127290545737876,0.00859580507830162
0.0127290545737876,0.0139586444357078
0.0127290545737876,0.0124440670178588
0.0127290545737876,0.0130786713667633
0.0127290545737876,0.0131830624899417
0.0127290545737876,0.0164976236961307
0.0127290545737876,0.00974649055777473
0.0130779570987788,0.00974649055777473
0.0130779570987788,0.0121947371515028
0.0130779570987788,0.00955874419872329
0.0130779570987788,0.0138579528352151
0.0130779570987788,0.0110689198091242
0.0130779570987788,0.013837000482832
0.0130779570987788,0.0124440670178588
0.0130779570987788,0.0139760675356088
0.0130779570987788,0.0130773726977005
0.0130779570987788,0.00974649055777473
0.0130779570987788,0.0139760675356088
0.0130779570987788,0.0130773726977005
0.0130779570987788,0.0130786713667633
0.0130779570987788,0.0110357934791404
0.0130779570987788,0.0131830624899417
0.0130779570987788,0.0130786713667633
0.0130779570987788,0.0124440670178588
0.0130779570987788,0.0164976236961307
0.0130779570987788,0.0124440670178588
0.0130779570987788,0.0121947371515028
0.0130779570987788,0.0104539952173407
0.0130779570987788,0.00898193071076387
0.0131256473721936,0.0135429805364962
0.0131256473721936,0.0138579528352151
0.0131256473721936,0.0204063191531941
0.0131256473721936,0.00626216134652672
0.0131256473721936,0.00600821607652437
0.0131256473721936,0.0122049218621835
0.0131256473721936,0.0135429805364962
0.0131256473721936,0.00859580507830162
0.0131256473721936,0.00990718094616775
0.0131256473721936,0.0138579528352151
0.0131256473721936,0.0139586444357078
0.0131256473721936,0.0139760675356088
0.0131256473721936,0.0138579528352151
0.0131256473721936,0.0105616439536092
0.0131256473721936,0.0113000636708655
0.0131256473721936,0.0130773726977005
0.0131256473721936,0.0138579528352151
0.0131249331042091,0.0164976236961307
0.0131249331042091,0.00961792633688037
0.0131249331042091,0.0148140536469117
0.0131249331042091,0.0139586444357078
0.0131249331042091,0.00728839331591777
0.0131249331042091,0.0124440670178588
0.0131249331042091,0.00877123510965241
0.0131249331042091,0.0138579528352151
0.0131249331042091,0.00898193071076387
0.0131249331042091,0.0138579528352151
0.0131249331042091,0.0131830624899417
0.0127290545737876,0.013837000482832
0.0123125371822374,0.00998331978256844
0.0123125371822374,0.0113000636708655
0.0123125371822374,0.0122049218621835
0.0123125371822374,0.0122049218621835
0.0123125371822374,0.0124440670178588
0.0123125371822374,0.013837000482832
0.0123125371822374,0.0131830624899417
0.0123125371822374,0.0104539952173407
0.0123125371822374,0.00884526464906201
0.0123125371822374,0.0084122026804227
0.0123125371822374,0.0104539952173407
0.0123125371822374,0.00696838618124701
0.0123125371822374,0.0148140536469117
0.0123125371822374,0.0122049218621835
0.0123125371822374,0.0138579528352151
0.0123125371822374,0.0131830624899417
0.0123125371822374,0.0138579528352151
0.0123125371822374,0.0124440670178588
0.0123125371822374,0.0144934338099888
0.0123125371822374,0.0138579528352151
0.0123125371822374,0.0110689198091242
0.0123125371822374,0.0144934338099888
0.0123125371822374,0.00757025088298361
0.0123125371822374,0.0139586444357078
0.0123125371822374,0.0139760675356088
0.0123125371822374,0.0122049218621835
0.0123125371822374,0.0138579528352151
0.0123125371822374,0.0139586444357078
0.0123125371822374,0.0148140536469117
0.0123125371822374,0.0204063191531941
0.0123125371822374,0.00961792633688037
0.0123125371822374,0.0148140536469117
0.0123125371822374,0.0225403117825212
0.0123125371822374,0.00898193071076387
0.0123125371822374,0.0131830624899417
0.0123125371822374,0.0110689198091242
0.0123125371822374,0.0148140536469117
0.0123125371822374,0.00990718094616775
0.0123125371822374,0.011308378028279
0.0123125371822374,0.0204063191531941
0.0123125371822374,0.0131830624899417
0.011711822753536,0.0139760675356088
0.011711822753536,0.0122049218621835
0.011711822753536,0.00990718094616775
0.011711822753536,0.00955874419872329
0.011711822753536,0.0225403117825212
0.011711822753536,0.0164976236961307
0.011711822753536,0.00804359246683322
0.011711822753536,0.0124440670178588
0.011711822753536,0.00626216134652672
0.011711822753536,0.0131830624899417
0.011711822753536,0.0138579528352151
0.011711822753536,0.0144934338099888
0.011711822753536,0.0139586444357078
0.0111766760077439,0.0103707985055367
0.0111766760077439,0.0138579528352151
0.010789918088591,0.00647439016282629
0.010789918088591,0.0103707985055367
0.010789918088591,0.0103707985055367
0.010789918088591,0.0105616439536092
0.010789918088591,0.0124440670178588
0.010789918088591,0.00804359246683322
0.010789918088591,0.0164976236961307
0.010789918088591,0.00666749377079127
0.0105024371486615,0.0138579528352151
0.0105024371486615,0.00728839331591777
0.0105024371486615,0.0139586444357078
0.0105024371486615,0.00699760990039354
0.0105024371486615,0.00877123510965241
0.0105024371486615,0.0225403117825212
0.0105024371486615,0.0139586444357078
0.0105024371486615,0.0124440670178588
0.0105024371486615,0.0139586444357078
0.0105024371486615,0.0138579528352151
0.0105024371486615,0.0139586444357078
0.0105024371486615,0.00737032758979894
0.0105024371486615,0.013837000482832
0.0105024371486615,0.00990718094616775
0.0105024371486615,0.00990718094616775
0.0105024371486615,0.011308378028279
0.0105024371486615,0.0103707985055367
0.0105024371486615,0.0138579528352151
0.0105024371486615,0.013837000482832
0.0105024371486615,0.00961792633688037
0.0105024371486615,0.0139586444357078
0.0105024371486615,0.0144934338099888
0.0108976742872106,0.0144934338099888
0.0108976742872106,0.0164976236961307
0.0108976742872106,0.0104539952173407
0.0108976742872106,0.0104539952173407
0.0105024371486615,0.00757025088298361
0.0104082370258485,0.00666749377079127
0.0104082370258485,0.0124440670178588
0.0104082370258485,0.0104539952173407
0.0104082370258485,0.00877123510965241
0.0101576852079042,0.00756740379003503
0.00994144342254806,0.00757025088298361
0.0101576852079042,0.0103707985055367
0.0101576852079042,0.00885265952456192
0.0101576852079042,0.013837000482832
0.0101576852079042,0.013837000482832
0.0101576852079042,0.00998331978256844
0.00994144342254806,0.0144934338099888
0.00994144342254806,0.0103707985055367
0.00994144342254806,0.00647439016282629
0.00994144342254806,0.0105616439536092
0.00994144342254806,0.00974649055777473
0.0101576852079042,0.00990718094616775
0.0101576852079042,0.00737032758979894
0.0101576852079042,0.00756740379003503
0.0104082370258485,0.00998331978256844
0.0104082370258485,0.00757025088298361
0.0104082370258485,0.0112016770018431
0.0104082370258485,0.00885265952456192
0.0104082370258485,0.0103666804439704
0.0104082370258485,0.00998331978256844
0.0104082370258485,0.00757025088298361
0.0104082370258485,0.0104539952173407
0.0103685335716752,0.0103666804439704
0.0103685335716752,0.0103666804439704
0.0101558320801993,0.00990718094616775
0.0101558320801993,0.00877123510965241
0.0101558320801993,0.00647439016282629
0.0101558320801993,0.00568442528583786
0.0101558320801993,0.00884526464906201
0.0101558320801993,0.0140010604966445
0.0101558320801993,0.00581986501385812
0.0101558320801993,0.00756740379003503
0.0101558320801993,0.00990718094616775
0.0101558320801993,0.0103707985055367
0.0101558320801993,0.0144934338099888
0.0101558320801993,0.0072260660516073
0.0101558320801993,0.0103666804439704
0.0101558320801993,0.00998331978256844
0.0101558320801993,0.0072260660516073
0.00994144342254806,0.0112016770018431
0.00994144342254806,0.0112016770018431
0.00994144342254806,0.0141659838424981
0.00994144342254806,0.00961792633688037
0.00994144342254806,0.00884526464906201
0.00994144342254806,0.00974649055777473
0.00994144342254806,0.0105616439536092
0.00994144342254806,0.0104539952173407
0.00994144342254806,0.00974649055777473
0.00994144342254806,0.0103666804439704
0.00994144342254806,0.0144934338099888
0.00994144342254806,0.00990718094616775
0.00994144342254806,0.00998331978256844
0.00994144342254806,0.00998331978256844
0.00981880123255159,0.0141659838424981
0.00981880123255159,0.00696838618124701
0.00981880123255159,0.00756740379003503
0.00981880123255159,0.00660626523427597
0.00981880123255159,0.00515481200223725
0.00994144342254806,0.0072260660516073
0.00994144342254806,0.00756740379003503
0.00994144342254806,0.0103707985055367
0.00994144342254806,0.00569052905179591
0.00994144342254806,0.0103666804439704
0.00994144342254806,0.0104539952173407
0.00994144342254806,0.0047715629986999
0.00994144342254806,0.00843982122834188
0.00994144342254806,0.0186044850422544
0.00994144342254806,0.0103666804439704
0.00994144342254806,0.00974649055777473
0.00994144342254806,0.00843982122834188
0.00994144342254806,0.00998331978256844
0.00994144342254806,0.0072260660516073
0.00994144342254806,0.0103707985055367
0.0100943850092146,0.0103707985055367
0.0102915784683224,0.00523395886428408
0.0100943850092146,0.0186044850422544
0.0100943850092146,0.00756740379003503
0.0100943850092146,0.00804359246683322
0.0100943850092146,0.00877123510965241
0.0100943850092146,0.0111574481787527
0.0100943850092146,0.00804359246683322
0.0100943850092146,0.0103666804439704
0.0100943850092146,0.00885265952456192
0.0100943850092146,0.00885265952456192
0.0100943850092146,0.00843982122834188
0.0100943850092146,0.00668376098381406
0.0100943850092146,0.0112016770018431
0.0100943850092146,0.0186044850422544
0.0100943850092146,0.0140010604966445
0.0100943850092146,0.0112016770018431
0.0102915784683224,0.00712467084416664
0.0102915784683224,0.00848344911104261
0.0102915784683224,0.0140010604966445
0.0103685335716752,0.00998331978256844
0.0103685335716752,0.00828369354161386
0.0103685335716752,0.00804359246683322
0.0103685335716752,0.00843982122834188
0.0103685335716752,0.00804359246683322
0.0103685335716752,0.0111574481787527
0.0103685335716752,0.00885265952456192
0.0103685335716752,0.00998331978256844
0.0103685335716752,0.00990718094616775
0.0103685335716752,0.0102301313973376
0.0103685335716752,0.00843982122834188
0.0103685335716752,0.0141659838424981
0.0102915784683224,0.00998331978256844
0.0102915784683224,0.00998331978256844
0.0102915784683224,0.00828369354161386
0.0102915784683224,0.0102301313973376
0.0102915784683224,0.0112016770018431
0.0102915784683224,0.0102301313973376
0.0102915784683224,0.0103707985055367
0.0102915784683224,0.0186044850422544
0.0102915784683224,0.0144934338099888
0.0102915784683224,0.0141659838424981
0.0103685335716752,0.00804359246683322
0.0107247908584839,0.00707260754484895
0.0107247908584839,0.0150860395099027
0.0111109541513471,0.00707260754484895
0.0111109541513471,0.0103666804439704
0.0111109541513471,0.00712467084416664
0.0111109541513471,0.0150860395099027
0.0111109541513471,0.0186044850422544
0.0111109541513471,0.0140010604966445
0.0111109541513471,0.0103666804439704
0.0111109541513471,0.0103666804439704
0.0111773511491434,0.0143941637035721
0.0111109541513471,0.00885265952456192
0.0111109541513471,0.0150860395099027
0.0111109541513471,0.0103707985055367
0.0111109541513471,0.0112016770018431
0.0111109541513471,0.00998331978256844
0.0111109541513471,0.00843982122834188
0.0111109541513471,0.00848344911104261
0.0111109541513471,0.0111574481787527
0.0111109541513471,0.00914019897180618
0.0111109541513471,0.007953056804873
0.0111109541513471,0.007953056804873
0.0111109541513471,0.00628105521611031
0.0111109541513471,0.0112016770018431
0.0111109541513471,0.00819621162326637
0.0111109541513471,0.0112016770018431
0.0111109541513471,0.00706205006594573
0.0111109541513471,0.00848344911104261
0.0111109541513471,0.0150860395099027
0.0111109541513471,0.0102301313973376
0.0111109541513471,0.0143941637035721
0.0111109541513471,0.0143941637035721
0.0111109541513471,0.00914019897180618
0.0111109541513471,0.0102301313973376
0.0111109541513471,0.00914019897180618
0.0111109541513471,0.0114005727338198
0.0111109541513471,0.00843982122834188
0.0111109541513471,0.0143941637035721
0.0111109541513471,0.00828369354161386
0.0111109541513471,0.0114005727338198
0.0111109541513471,0.00648626891235114
0.0111109541513471,0.0180051152229832
0.0111773511491434,0.0112016770018431
0.0111773511491434,0.0186044850422544
0.0111773511491434,0.0143941637035721
0.0111773511491434,0.0180051152229832
0.0111773511491434,0.0103707985055367
0.0111773511491434,0.0114005727338198
0.0111773511491434,0.00549036467328157
0.0111773511491434,0.00843982122834188
0.0111773511491434,0.0214112317077572
0.0111773511491434,0.0180051152229832
0.0111773511491434,0.0141659838424981
0.0111773511491434,0.0103707985055367
0.0111773511491434,0.0103707985055367
0.0111773511491434,0.0137055819976271
0.0111773511491434,0.00848344911104261
0.0111773511491434,0.0137055819976271
0.0111773511491434,0.0137055819976271
0.0111773511491434,0.00885265952456192
0.0111773511491434,0.00753606877388063
0.0111773511491434,0.00753606877388063
0.0111773511491434,0.00753606877388063
0.0111773511491434,0.00753606877388063
0.0111773511491434,0.0230156108395939
0.0111773511491434,0.00843982122834188
0.0111773511491434,0.0111574481787527
0.0111773511491434,0.0103707985055367
0.0111773511491434,0.0103707985055367
0.0111773511491434,0.0143941637035721
0.0112911800812326,0.0140010604966445
0.012172750637894,0.0131165236317624
0.012172750637894,0.00712467084416664
0.012172750637894,0.0180051152229832
0.012172750637894,0.0110729135834698
0.012172750637894,0.0102301313973376
0.012172750637894,0.0072260660516073
0.012172750637894,0.0103666804439704
0.012172750637894,0.0131165236317624
0.012172750637894,0.0180051152229832
0.012172750637894,0.0180051152229832
0.012172750637894,0.0072260660516073
0.012172750637894,0.0180051152229832
0.012172750637894,0.00819621162326637
0.012172750637894,0.0214112317077572
0.012172750637894,0.00753606877388063
0.012172750637894,0.0107039620109584
0.012172750637894,0.0131165236317624
0.0126598967988828,0.0103707985055367
0.0126598967988828,0.0218843531197643
0.0126598967988828,0.0180051152229832
0.0126598967988828,0.00914019897180618
0.0126598967988828,0.00781144998647016
0.0126598967988828,0.0180051152229832
0.0126598967988828,0.0114005727338198
0.0126598967988828,0.0103666804439704
0.0126598967988828,0.0131165236317624
0.0126598967988828,0.00798741535060257
0.0126598967988828,0.0150860395099027
0.0126598967988828,0.0137055819976271
0.0126598967988828,0.0131165236317624
0.0126598967988828,0.0114005727338198
0.0126598967988828,0.0110729135834698
0.0126598967988828,0.0150860395099027
0.0126598967988828,0.0143941637035721
0.0126598967988828,0.00843982122834188
0.0126598967988828,0.0122862930265268
0.0126598967988828,0.0214112317077572
0.0126598967988828,0.0214112317077572
0.0126598967988828,0.0176349489238687
0.0126598967988828,0.0110729135834698
0.0130710184613666,0.0180051152229832
0.0130710184613666,0.0230156108395939
0.0130710184613666,0.0137055819976271
0.0130710184613666,0.0214112317077572
0.0130710184613666,0.0130337869583155
0.0130710184613666,0.0176349489238687
0.0130710184613666,0.0112016770018431
0.0130710184613666,0.01104823162601
0.0130710184613666,0.0140010604966445
0.0133815998964015,0.00798741535060257
0.0133815998964015,0.0143941637035721
0.0133815998964015,0.00914019897180618
0.0133815998964015,0.0141659838424981
0.0133815998964015,0.0176349489238687
0.0133815998964015,0.0143941637035721
0.0130710184613666,0.01104823162601
0.0133815998964015,0.0180051152229832
0.0133815998964015,0.0122862930265268
0.0133815998964015,0.0131165236317624
0.0133815998964015,0.00914019897180618
0.0133815998964015,0.0176349489238687
0.0133815998964015,0.0110729135834698
0.0133815998964015,0.0176349489238687
0.0138385473221849,0.0143941637035721
0.0138385473221849,0.0110729135834698
0.0140752760022786,0.0181960151393187
0.0141779569397619,0.0180051152229832
0.0141779569397619,0.0110729135834698
0.0147055078164209,0.0110729135834698
0.0147055078164209,0.0181960151393187
0.0147055078164209,0.0214112317077572
0.0147055078164209,0.0102301313973376
0.0147055078164209,0.0100574797893451
0.0147055078164209,0.0218843531197643
0.0162330487461874,0.0426284201802802
0.0162330487461874,0.0186044850422544
0.0162330487461874,0.0131165236317624
0.0162330487461874,0.0120792223340586
0.0162330487461874,0.0150860395099027
0.0162330487461874,0.0124091189828972
0.0162330487461874,0.0214112317077572
0.0162330487461874,0.01104823162601
0.0162330487461874,0.0131165236317624
0.0162330487461874,0.0186044850422544
0.0162330487461874,0.0180051152229832
0.0162330487461874,0.0122862930265268
0.0162330487461874,0.0137055819976271
0.0162330487461874,0.0176349489238687
0.0178015237584702,0.0143941637035721
0.0178015237584702,0.0186044850422544
0.0178015237584702,0.0150860395099027
0.0178015237584702,0.0217820456106685
0.0178015237584702,0.0131165236317624
0.0178015237584702,0.0123542039390638
0.0178015237584702,0.0123542039390638
0.0178015237584702,0.0143941637035721
0.0178015237584702,0.0186044850422544
0.0178015237584702,0.0213219856582808
0.0178015237584702,0.0123542039390638
0.0178015237584702,0.0181960151393187
0.0178015237584702,0.0213219856582808
0.0178015237584702,0.0186044850422544
0.0178015237584702,0.0180051152229832
0.0178015237584702,0.0176349489238687
0.0178015237584702,0.00843982122834188
0.0162330487461874,0.0207324843397161
0.0162330487461874,0.0218843531197643
0.0162330487461874,0.0137055819976271
0.0162330487461874,0.0207324843397161
0.0162330487461874,0.0213219856582808
0.0162330487461874,0.0207324843397161
0.0162330487461874,0.0150860395099027
0.0162330487461874,0.0143941637035721
0.0162330487461874,0.0207324843397161
0.0162330487461874,0.0130337869583155
0.0162330487461874,0.0110729135834698
0.0162330487461874,0.0123542039390638
0.0162330487461874,0.0111574481787527
0.0162330487461874,0.0107039620109584
0.0162330487461874,0.0120792223340586
0.0162330487461874,0.0143941637035721
0.0162330487461874,0.0217820456106685
0.0162330487461874,0.0214112317077572
0.0147055078164209,0.0124091189828972
0.0147055078164209,0.01104823162601
0.0140154437653023,0.0207324843397161
0.0140154437653023,0.0122862930265268
0.0147055078164209,0.0150860395099027
0.0147055078164209,0.0131165236317624
0.0147055078164209,0.0194327166498985
0.0147055078164209,0.0130337869583155
0.0147055078164209,0.0111409865056215
0.0147055078164209,0.0213219856582808
0.0147055078164209,0.0207324843397161
0.0147055078164209,0.0214112317077572
0.0147055078164209,0.0181960151393187
0.0147055078164209,0.0176349489238687
0.0147055078164209,0.0130337869583155
0.0147055078164209,0.0150860395099027
0.0147055078164209,0.0217820456106685
0.0147055078164209,0.0238009546983031
0.0147055078164209,0.0130337869583155
0.0147055078164209,0.0217820456106685
0.0147055078164209,0.00712467084416664
0.0147055078164209,0.0123542039390638
0.0147055078164209,0.0181960151393187
0.0147055078164209,0.0103013100985161
0.0147055078164209,0.0109989389752383
0.0147055078164209,0.01104823162601
0.0147055078164209,0.0181960151393187
0.0147055078164209,0.0130337869583155
0.0147055078164209,0.0181960151393187
0.0147055078164209,0.0426284201802802
0.0162330487461874,0.0143941637035721
0.0162330487461874,0.0176349489238687
0.0147055078164209,0.0194327166498985
0.0147055078164209,0.0137055819976271
0.0147055078164209,0.0176349489238687
0.0143267878781511,0.0130337869583155
0.0143267878781511,0.0102322187593539
0.0143267878781511,0.0181960151393187
0.0143267878781511,0.0114005727338198
0.0143267878781511,0.022423021365703
0.0143267878781511,0.0207324843397161
0.0143267878781511,0.0598844322649609
0.0143267878781511,0.0102604054990007
0.0143267878781511,0.0104999895918388
0.0143267878781511,0.0124091189828972
0.0143267878781511,0.0207324843397161
0.0143267878781511,0.00763734370176788
0.0143267878781511,0.0102604054990007
0.0143267878781511,0.0124091189828972
0.0143267878781511,0.0207324843397161
0.0143267878781511,0.01104823162601
0.0143267878781511,0.0130337869583155
0.0143267878781511,0.0137055819976271
0.0143267878781511,0.0194327166498985
0.0143267878781511,0.0124091189828972
0.0143267878781511,0.0238009546983031
0.0143267878781511,0.022423021365703
0.0143267878781511,0.0131165236317624
0.0133815998964015,0.0109150471999875
0.0133815998964015,0.0176349489238687
0.0133815998964015,0.0194327166498985
0.0133815998964015,0.0137055819976271
0.0133815998964015,0.0100574797893451
0.0133815998964015,0.0131165236317624
0.0133815998964015,0.0124091189828972
0.0133815998964015,0.0214112317077572
0.0133815998964015,0.0120792223340586
0.0133815998964015,0.0113167774934114
0.0130710184613666,0.0121576922161409
0.0130710184613666,0.0130337869583155
0.0130710184613666,0.0120792223340586
0.0130710184613666,0.0124091189828972
0.0130710184613666,0.0131165236317624
0.0130710184613666,0.0131165236317624
0.0130710184613666,0.00763734370176788
0.0130710184613666,0.022423021365703
0.0130710184613666,0.0102322187593539
0.0134514156237335,0.0109989389752383
0.0134514156237335,0.0113167774934114
0.0134514156237335,0.0207324843397161
0.0134514156237335,0.0130337869583155
0.0134514156237335,0.0131165236317624
0.0134514156237335,0.0176349489238687
0.0134514156237335,0.0120792223340586
0.0134514156237335,0.022423021365703
0.0134514156237335,0.0181960151393187
0.0134514156237335,0.0107039620109584
0.0134514156237335,0.0138607280583649
0.0134514156237335,0.0207324843397161
0.0134514156237335,0.0138607280583649
0.0134514156237335,0.0122862930265268
0.0134514156237335,0.0217820456106685
0.0134514156237335,0.0176349489238687
0.0134514156237335,0.0130337869583155
0.0134514156237335,0.0176349489238687
0.0134514156237335,0.0111409865056215
0.0134514156237335,0.0176349489238687
0.0134514156237335,0.0194327166498985
0.0134514156237335,0.0207324843397161
0.0134514156237335,0.0214112317077572
0.0130710184613666,0.0123542039390638
0.0130710184613666,0.0181960151393187
0.0130710184613666,0.0113167774934114
0.0130710184613666,0.0181960151393187
0.0134514156237335,0.01104823162601
0.0134514156237335,0.022423021365703
0.0134514156237335,0.0207324843397161
0.0134514156237335,0.0109179691835521
0.0134514156237335,0.022423021365703
0.0134514156237335,0.0120792223340586
0.0134514156237335,0.0123542039390638
0.0155591274478416,0.0176349489238687
0.0155591274478416,0.0109179691835521
0.0155591274478416,0.0181960151393187
0.0155591274478416,0.022423021365703
0.0155591274478416,0.0109989389752383
0.0155591274478416,0.0194327166498985
0.0155591274478416,0.0121576922161409
0.0155591274478416,0.0123542039390638
0.0155591274478416,0.0238009546983031
0.0155591274478416,0.0102322187593539
0.0155591274478416,0.0181960151393187
0.0155591274478416,0.0217820456106685
0.0155591274478416,0.0213219856582808
0.0155591274478416,0.01104823162601
0.0155591274478416,0.0176349489238687
0.0155591274478416,0.0429179874905523
0.0155591274478416,0.0176349489238687
0.0157477126948584,0.0123542039390638
0.0140150250786515,0.0207324843397161
0.0158367910394211,0.0211564545325186
0.0158367910394211,0.0194327166498985
0.0158367910394211,0.0119639673842147
0.0158367910394211,0.0119639673842147
0.0158367910394211,0.0142036103256683
0.0158367910394211,0.0181960151393187
0.0158367910394211,0.0120792223340586
0.0158367910394211,0.0178329008006745
0.0158367910394211,0.0213219856582808
0.0158367910394211,0.0127151251131572
0.0158367910394211,0.0123542039390638
0.0158367910394211,0.0122862930265268
0.0158367910394211,0.0213219856582808
0.0158367910394211,0.0106050173383206
0.0158367910394211,0.0426284201802802
0.0158367910394211,0.0211564545325186
0.0158367910394211,0.0104999895918388
0.0158367910394211,0.0238009546983031
0.0158367910394211,0.0121390743381276
0.0158367910394211,0.0113167774934114
0.0158367910394211,0.0213219856582808
0.0158367910394211,0.00814077533836759
0.0158367910394211,0.0123542039390638
0.0158367910394211,0.0178329008006745
0.0158367910394211,0.0213219856582808
0.0158367910394211,0.0238009546983031
0.0158367910394211,0.0106050173383206
0.0158367910394211,0.0138607280583649
0.0158367910394211,0.0120792223340586
0.0158367910394211,0.0138607280583649
0.0158367910394211,0.0221806380046756
0.0158367910394211,0.0211564545325186
0.0158367910394211,0.0124091189828972
0.0158367910394211,0.0127151251131572
0.0172510133282564,0.0429179874905523
0.0172510133282564,0.0124091189828972
0.0172510133282564,0.0119639673842147
0.0172510133282564,0.0121390743381276
0.0172510133282564,0.0123542039390638
0.0172510133282564,0.0107588014108265
0.0172510133282564,0.0120792223340586
0.0172510133282564,0.0113167774934114
0.0172510133282564,0.0138607280583649
0.0172510133282564,0.0123542039390638
0.0172510133282564,0.0167749235780961
0.0172510133282564,0.0426284201802802
0.0172510133282564,0.0207324843397161
0.0172510133282564,0.0123542039390638
0.0153607012892608,0.0124091189828972
0.0153607012892608,0.022423021365703
0.0153607012892608,0.0221806380046756
0.0153607012892608,0.0113167774934114
0.0153607012892608,0.0124091189828972
0.0153607012892608,0.0167749235780961
0.0153607012892608,0.0213219856582808
0.0140150250786515,0.0221806380046756
0.0140150250786515,0.00718152792744309
0.0140150250786515,0.0087518623958078
0.0140150250786515,0.0113167774934114
0.0140150250786515,0.0217820456106685
0.0140150250786515,0.0217820456106685
0.0140150250786515,0.0217820456106685
0.0132306464385007,0.0167749235780961
0.0132306464385007,0.0119639673842147
0.0125468217415142,0.0194327166498985
0.0123789157087888,0.0213219856582808
0.0123789157087888,0.0194327166498985
0.0122461224914562,0.00975940699082154
0.0122461224914562,0.0101344726293893
0.0121474523832336,0.0121390743381276
0.0121474523832336,0.0111409865056215
0.0121474523832336,0.0109150471999875
0.0122461224914562,0.0114153654519379
0.0121474523832336,0.0167749235780961
0.0121474523832336,0.00798816615795857
0.0121474523832336,0.0121390743381276
0.0121474523832336,0.0109179691835521
0.0121474523832336,0.00695490533966418
0.0121474523832336,0.0142036103256683
0.0121474523832336,0.0138607280583649
0.0121474523832336,0.00814077533836759
0.0121474523832336,0.0109179691835521
0.0121474523832336,0.00726281374276907
0.0120427655134755,0.0101344726293893
0.0120427655134755,0.00919478936645082
0.0120427655134755,0.0167749235780961
0.0120427655134755,0.0142036103256683
0.0116622363214625,0.0121390743381276
0.0116622363214625,0.0167749235780961
0.0116622363214625,0.0167749235780961
0.0116622363214625,0.0101801633495446
0.0116622363214625,0.0114153654519379
0.0116622363214625,0.00959292208396325
0.0116622363214625,0.00944721048659535
0.0120427655134755,0.0121390743381276
0.0120427655134755,0.0109150471999875
0.0120427655134755,0.0114153654519379
0.0120427655134755,0.0137408199044463
0.0120427655134755,0.0114153654519379
0.0120427655134755,0.0158070196068955
0.0120427655134755,0.0137408199044463
0.0120427655134755,0.0167749235780961
0.0120427655134755,0.00944721048659535
0.0120427655134755,0.00951179728909392
0.0120427655134755,0.0113167774934114
0.0120427655134755,0.0109150471999875
0.0120427655134755,0.0127151251131572
0.0120427655134755,0.0167749235780961
0.0120427655134755,0.0114153654519379
0.0120427655134755,0.00959292208396325
0.0120427655134755,0.0121576922161409
0.0120427655134755,0.0107588014108265
0.0120427655134755,0.0121576922161409
0.0121474523832336,0.0138607280583649
0.0121474523832336,0.0109179691835521
0.0121474523832336,0.0142036103256683
0.0121474523832336,0.0211564545325186
0.0124085370197982,0.022423021365703
0.0124085370197982,0.0101344726293893
0.0124085370197982,0.00975940699082154
0.0124085370197982,0.0121390743381276
0.0124085370197982,0.0113167774934114
0.0124085370197982,0.0137408199044463
0.0124085370197982,0.0119639673842147
0.0124085370197982,0.00959292208396325
0.0124085370197982,0.00804216808011797
0.0121474523832336,0.00959292208396325
0.0121474523832336,0.0109179691835521
0.0121474523832336,0.0101344726293893
0.0121474523832336,0.0109179691835521
0.0121474523832336,0.0101801633495446
0.0121474523832336,0.0113167774934114
0.0124085370197982,0.0109179691835521
0.0131766877692373,0.0137408199044463
0.0131766877692373,0.0167749235780961
0.0137947785737097,0.0101344726293893
0.0137947785737097,0.0107588014108265
0.0137947785737097,0.0221806380046756
0.0137947785737097,0.0121390743381276
0.0137947785737097,0.0101801633495446
0.0140150250786515,0.0211564545325186
0.0149251445022205,0.0127151251131572
0.0162425763939358,0.00919478936645082
0.0162425763939358,0.016959851867905
0.0168581413085101,0.0138607280583649
0.0173309039162374,0.0109179691835521
0.0173309039162374,0.0177844119753105
0.0178062319467243,0.0119639673842147
0.0193284999800043,0.0211564545325186
0.0193284999800043,0.0542347125614076
0.0216173370949892,0.022423021365703
0.0221976960898305,0.0226708271305317
0.0216173370949892,0.025187340940871
0.0216173370949892,0.025187340940871
0.0216173370949892,0.0228372145851827
0.0221976960898305,0.0225653619464161
0.0221976960898305,0.0222185448605753
0.0221976960898305,0.0388333067380765
0.0223746125492036,0.0267930905015442
0.0223746125492036,0.0548889918491906
0.0223746125492036,0.016959851867905
0.0223746125492036,0.025187340940871
0.0223746125492036,0.0114153654519379
0.0223746125492036,0.0326178191122788
0.0223746125492036,0.0178329008006745
0.0223746125492036,0.0225653619464161
0.0226128212792681,0.036749472576428
0.0226128212792681,0.0542347125614076
0.0226128212792681,0.0127151251131572
0.0226128212792681,0.0228372145851827
0.0226128212792681,0.0178329008006745
0.0226128212792681,0.0142036103256683
0.0226128212792681,0.0326178191122788
0.0226128212792681,0.0211564545325186
0.0226128212792681,0.0222185448605753
0.0226128212792681,0.0226708271305317
0.0226128212792681,0.0326178191122788
0.0226128212792681,0.0154567553344966
0.0226128212792681,0.0226708271305317
0.0226128212792681,0.0259818937535549
0.0226128212792681,0.0167749235780961
0.0226128212792681,0.0225653619464161
0.0226128212792681,0.0226708271305317
0.0226128212792681,0.0171069154999874
0.0226128212792681,0.025187340940871
0.0227457014851247,0.0211564545325186
0.0227457014851247,0.0221806380046756
0.0227457014851247,0.0221806380046756
0.0227457014851247,0.0267930905015442
0.0236853987653789,0.0247220683189521
0.0236853987653789,0.025187340940871
0.0236853987653789,0.0326178191122788
0.0236853987653789,0.0259818937535549
0.0236853987653789,0.0289307057759295
0.0236853987653789,0.036749472576428
0.0236853987653789,0.0127151251131572
0.0236853987653789,0.0542347125614076
0.0236853987653789,0.0259818937535549
0.0236853987653789,0.036749472576428
0.0236853987653789,0.0221806380046756
0.0236853987653789,0.0259818937535549
0.0236853987653789,0.0289307057759295
0.0236853987653789,0.036749472576428
0.0236853987653789,0.0289307057759295
0.0236853987653789,0.025187340940871
0.0241841994104731,0.0342734078290124
0.0249314409988156,0.0383256915010766
0.0249314409988156,0.0388333067380765
0.0249314409988156,0.0326178191122788
0.0249314409988156,0.0252817971755969
0.0249314409988156,0.0342734078290124
0.0249314409988156,0.0225653619464161
0.0249314409988156,0.0211564545325186
0.0249314409988156,0.0226708271305317
0.0249314409988156,0.0178329008006745
0.0249314409988156,0.0167749235780961
0.0249314409988156,0.0267930905015442
0.0249314409988156,0.0221806380046756
0.0249314409988156,0.0388333067380765
0.0249314409988156,0.0228372145851827
0.0249314409988156,0.025187340940871
0.0249314409988156,0.0326178191122788
0.0249314409988156,0.0154567553344966
0.0249314409988156,0.0237441248489903
0.0249314409988156,0.0194181791015686
0.0249314409988156,0.0342734078290124
0.0249314409988156,0.0383256915010766
0.0249314409988156,0.0194181791015686
0.0249314409988156,0.0247220683189521
0.0249314409988156,0.0388333067380765
0.0249314409988156,0.0383256915010766
0.0249314409988156,0.025187340940871
0.0249314409988156,0.0267930905015442
0.0249314409988156,0.0226708271305317
0.0249314409988156,0.0342734078290124
0.0249314409988156,0.0119639673842147
0.0249314409988156,0.0252817971755969
0.0249314409988156,0.0171069154999874
0.0249314409988156,0.0247220683189521
0.0249314409988156,0.0259818937535549
0.0249314409988156,0.0185231891199016
0.0249314409988156,0.0185231891199016
0.0249314409988156,0.0228372145851827
0.0249314409988156,0.0259818937535549
0.0249314409988156,0.0185231891199016
0.0249314409988156,0.0171069154999874
0.0249314409988156,0.0185231891199016
0.0249314409988156,0.0228372145851827
0.0249314409988156,0.0252817971755969
0.0249314409988156,0.0177844119753105
0.0249314409988156,0.025187340940871
0.0249314409988156,0.0211564545325186
0.0249314409988156,0.0252817971755969
0.0249314409988156,0.0225653619464161
0.0249314409988156,0.0289307057759295
0.0249314409988156,0.0228372145851827
0.0249314409988156,0.00951179728909392
0.0249314409988156,0.036749472576428
0.0249314409988156,0.0222185448605753
0.0249314409988156,0.0226708271305317
0.0249314409988156,0.0159202644896164
0.0249314409988156,0.0158070196068955
0.0249314409988156,0.0342734078290124
0.0252298462464977,0.0112210420653136
0.0252298462464977,0.0226708271305317
0.0252298462464977,0.0259818937535549
0.0252298462464977,0.0247220683189521
0.0252298462464977,0.025187340940871
0.0252298462464977,0.0342734078290124
0.0252298462464977,0.0252817971755969
0.0252298462464977,0.00902227357786077
0.0252298462464977,0.0225653619464161
0.0252298462464977,0.0289307057759295
0.0252298462464977,0.0222185448605753
0.0252298462464977,0.0154567553344966
0.0252298462464977,0.0159202644896164
0.0252298462464977,0.0228372145851827
0.0252298462464977,0.0228372145851827
0.0252298462464977,0.0259818937535549
0.0252298462464977,0.025187340940871
0.0252298462464977,0.0194181791015686
0.0252298462464977,0.0247220683189521
0.0252298462464977,0.0326178191122788
0.0252298462464977,0.0177844119753105
0.0252298462464977,0.0252817971755969
0.0252298462464977,0.0237441248489903
0.0252298462464977,0.0388333067380765
0.0252298462464977,0.0225653619464161
0.0252298462464977,0.0542347125614076
0.0252298462464977,0.0383256915010766
0.0252298462464977,0.0237441248489903
0.0252298462464977,0.0252817971755969
0.0252298462464977,0.0252817971755969
0.0252298462464977,0.0247220683189521
0.0252298462464977,0.0155698020500808
0.0252298462464977,0.0155698020500808
0.0252298462464977,0.0383256915010766
0.0252298462464977,0.0542347125614076
0.0252298462464977,0.0228372145851827
0.0252298462464977,0.025552948043745
0.0252298462464977,0.0289307057759295
0.0252298462464977,0.025187340940871
0.0252298462464977,0.0252817971755969
0.0252298462464977,0.0259818937535549
0.0252298462464977,0.0224773517238973
0.0252298462464977,0.016959851867905
0.0252298462464977,0.0158070196068955
0.0252298462464977,0.0326178191122788
0.0252298462464977,0.0326178191122788
0.0252298462464977,0.0164217092788865
0.0252298462464977,0.0326178191122788
0.0252298462464977,0.025552948043745
0.0252298462464977,0.0226708271305317
0.0252298462464977,0.0226708271305317
0.0252298462464977,0.0548889918491906
0.0252298462464977,0.0225653619464161
0.0252298462464977,0.0194181791015686
0.0252298462464977,0.0228372145851827
0.0252298462464977,0.0247220683189521
0.0252298462464977,0.0289307057759295
0.0252298462464977,0.025187340940871
0.0252298462464977,0.025187340940871
0.0252298462464977,0.0342734078290124
0.0252298462464977,0.0225653619464161
0.0252298462464977,0.0224773517238973
0.0252298462464977,0.0267930905015442
0.0252298462464977,0.025552948043745
0.0252298462464977,0.0194181791015686
0.0252298462464977,0.0237441248489903
0.0252298462464977,0.0383256915010766
0.0252298462464977,0.036749472576428
0.0252298462464977,0.0267930905015442
0.0252298462464977,0.0542347125614076
0.0252298462464977,0.0259818937535549
0.0252298462464977,0.0267930905015442
0.0252298462464977,0.0383256915010766
0.0252298462464977,0.0237441248489903
0.0252298462464977,0.0171069154999874
0.0252298462464977,0.0171069154999874
0.0252298462464977,0.0383256915010766
0.0252298462464977,0.0247220683189521
0.0252298462464977,0.0388333067380765
0.0252298462464977,0.0383256915010766
0.0252298462464977,0.0259818937535549
0.0252298462464977,0.0289307057759295
0.0252298462464977,0.0237441248489903
0.0252298462464977,0.0237441248489903
0.0252298462464977,0.0247220683189521
0.0252298462464977,0.0237441248489903
0.0252298462464977,0.0225653619464161
0.0252298462464977,0.0194181791015686
0.0252298462464977,0.0289307057759295
0.0252298462464977,0.0226708271305317
0.0252298462464977,0.025552948043745
0.0252298462464977,0.0185231891199016
0.0252298462464977,0.036749472576428
0.0252298462464977,0.016959851867905
0.0252298462464977,0.0259818937535549
0.0252298462464977,0.0226708271305317
0.0252298462464977,0.0342734078290124
0.0252298462464977,0.0159674357153562
0.0252298462464977,0.025552948043745
0.0252298462464977,0.0259818937535549
0.0252298462464977,0.0342734078290124
0.0252298462464977,0.0225653619464161
0.0252298462464977,0.0222185448605753
0.0252298462464977,0.0237441248489903
0.0254038150662635,0.0383256915010766
0.0254038150662635,0.0194181791015686
0.0254038150662635,0.0388333067380765
0.0254038150662635,0.0155698020500808
0.0254038150662635,0.0185231891199016
0.0254038150662635,0.0289307057759295
0.0254038150662635,0.0247220683189521
0.0254038150662635,0.025552948043745
0.0254038150662635,0.0228372145851827
0.0254038150662635,0.025187340940871
0.0254038150662635,0.0289307057759295
0.0254038150662635,0.0185231891199016
0.0254038150662635,0.0388333067380765
0.0254038150662635,0.0289307057759295
0.0254038150662635,0.0289307057759295
0.0254038150662635,0.0542347125614076
0.0254038150662635,0.0326178191122788
0.0254038150662635,0.0289307057759295
0.0254038150662635,0.0169868229418489
0.0254038150662635,0.0175577909163393
0.0252298462464977,0.0155698020500808
0.0252298462464977,0.0188043655544871
0.0252298462464977,0.0164217092788865
0.0252298462464977,0.0259818937535549
0.0252298462464977,0.036749472576428
0.0252298462464977,0.0228372145851827
0.0252298462464977,0.0252817971755969
0.0243935720903366,0.0237441248489903
0.0243935720903366,0.0175577909163393
0.0243935720903366,0.0237441248489903
0.0230473996301891,0.0209376673815262
0.0230473996301891,0.0194181791015686
0.0216305253355931,0.0154567553344966
0.0201019488275495,0.0237441248489903
0.0201019488275495,0.025552948043745
0.0190805816506738,0.0252817971755969
0.0186497185154651,0.0154567553344966
0.0186497185154651,0.0237441248489903
0.0186497185154651,0.0259818937535549
0.0186497185154651,0.0224773517238973
0.0180843265540442,0.0296813935521606
0.0180843265540442,0.0150158998677411
0.0180843265540442,0.025552948043745
0.0176331507358772,0.0171069154999874
0.0176331507358772,0.0188043655544871
0.0176331507358772,0.025552948043745
0.0176331507358772,0.0148268644159121
0.0176331507358772,0.0156048736812848
0.0176331507358772,0.0185231891199016
0.0176331507358772,0.0141298895595459
0.0176331507358772,0.0169868229418489
0.0173098094373457,0.0188043655544871
0.0173098094373457,0.0161181243582359
0.0173098094373457,0.0224773517238973
0.0173098094373457,0.0224773517238973
0.0172437585303695,0.0159674357153562
0.0172437585303695,0.0177252571819792
0.0172437585303695,0.0161181243582359
0.0172437585303695,0.0130253194615229
0.0172437585303695,0.0177252571819792
0.0172437585303695,0.0150158998677411
0.0176331507358772,0.0159202644896164
0.0176331507358772,0.0209376673815262
0.0176331507358772,0.0177252571819792
0.0176331507358772,0.0183287107779723
0.0176331507358772,0.0156048736812848
0.0176331507358772,0.0161181243582359
0.0176331507358772,0.0342734078290124
0.0176331507358772,0.0159674357153562
0.0179968113001761,0.0194181791015686
0.0176331507358772,0.0161181243582359
0.0176331507358772,0.0155698020500808
0.0176331507358772,0.0164217092788865
0.0176331507358772,0.0194181791015686
0.0172437585303695,0.0135200965225573
0.0172437585303695,0.0175577909163393
0.0172437585303695,0.0194181791015686
0.0172437585303695,0.0155698020500808
0.0172437585303695,0.0185231891199016
0.0172437585303695,0.0209376673815262
0.0172437585303695,0.012839994694546
0.0172437585303695,0.0185231891199016
0.0172437585303695,0.0237441248489903
0.0172437585303695,0.0169868229418489
0.0172437585303695,0.0169868229418489
0.0172437585303695,0.0161181243582359
0.0172437585303695,0.0183287107779723
0.0172437585303695,0.0177252571819792
0.0172437585303695,0.0184323491089764
0.0166760104272196,0.0209376673815262
0.0162547375725287,0.0148268644159121
0.016035245604652,0.0185231891199016
0.016035245604652,0.0164217092788865
0.016035245604652,0.0159202644896164
0.016035245604652,0.0188043655544871
0.016035245604652,0.0144072657285715
0.016035245604652,0.0159202644896164
0.016035245604652,0.0130749436360345
0.016035245604652,0.0155698020500808
0.016035245604652,0.0139676321810361
0.016035245604652,0.013846385735037
0.016035245604652,0.0169868229418489
0.016035245604652,0.0141298895595459
0.016035245604652,0.0159674357153562
0.016035245604652,0.0144072657285715
0.016035245604652,0.0156048736812848
0.016035245604652,0.0169868229418489
0.016035245604652,0.0164217092788865
0.016035245604652,0.0161181243582359
0.016035245604652,0.0135200965225573
0.016035245604652,0.0130749436360345
0.0159414915411993,0.0144072657285715
0.0159414915411993,0.0188043655544871
0.0159414915411993,0.0188043655544871
0.0159414915411993,0.0144072657285715
0.0159414915411993,0.0141298895595459
0.0159414915411993,0.010018006941627
0.016035245604652,0.012839994694546
0.016035245604652,0.0184323491089764
0.016035245604652,0.0188043655544871
0.016035245604652,0.0175577909163393
0.016035245604652,0.013846385735037
0.016035245604652,0.0209376673815262
0.016035245604652,0.0175577909163393
0.016035245604652,0.0209376673815262
0.016035245604652,0.0120632496936918
0.016035245604652,0.012839994694546
0.016035245604652,0.0211940874548472
0.016035245604652,0.0169868229418489
0.016035245604652,0.0164217092788865
0.016035245604652,0.0144072657285715
0.016035245604652,0.0177252571819792
0.016035245604652,0.0141298895595459
0.016035245604652,0.0184323491089764
0.016035245604652,0.0120037442251768
0.016035245604652,0.0159202644896164
0.016035245604652,0.0155698020500808
0.016035245604652,0.0184323491089764
0.016035245604652,0.0177252571819792
0.016035245604652,0.0159202644896164
0.0162547375725287,0.0183287107779723
0.0162547375725287,0.0175577909163393
0.0162547375725287,0.0155698020500808
0.0162547375725287,0.0149516574793436
0.0162547375725287,0.0139676321810361
0.0162547375725287,0.0188043655544871
0.0162547375725287,0.013846385735037
0.0162547375725287,0.0209376673815262
0.016035245604652,0.0169868229418489
0.0162547375725287,0.0164217092788865
0.0162547375725287,0.0148268644159121
0.016035245604652,0.0144072657285715
0.016035245604652,0.0183287107779723
0.016035245604652,0.0141298895595459
0.016035245604652,0.0161181243582359
0.016035245604652,0.012882760698288
0.016035245604652,0.013846385735037
0.016035245604652,0.0175577909163393
0.016035245604652,0.0172040177683663
0.016035245604652,0.0175577909163393
0.016035245604652,0.0177252571819792
0.016035245604652,0.0161181243582359
0.016035245604652,0.0120037442251768
0.016035245604652,0.0123703847989494
0.016035245604652,0.0159674357153562
0.016035245604652,0.0206451060654987
0.016035245604652,0.017094515945094
0.016035245604652,0.0147267639535937
0.016035245604652,0.0172040177683663
0.016035245604652,0.0159674357153562
0.0154440909991679,0.013846385735037
0.0154440909991679,0.0159674357153562
0.0154440909991679,0.012882760698288
0.0154440909991679,0.0177252571819792
0.0154440909991679,0.0159674357153562
0.0154440909991679,0.00746764545456429
0.0154440909991679,0.00899371411049718
0.0154440909991679,0.0109965783068926
0.0154440909991679,0.0183287107779723
0.0154440909991679,0.017094515945094
0.0154440909991679,0.0183287107779723
0.0154440909991679,0.0175577909163393
0.0154440909991679,0.012882760698288
0.0154440909991679,0.00929670609519453
0.0154440909991679,0.00929670609519453
0.0154440909991679,0.0135200965225573
0.0154440909991679,0.0175577909163393
0.0154440909991679,0.0183287107779723
0.0154440909991679,0.0159674357153562
0.0149805665541225,0.0149516574793436
0.0148830212944562,0.00967728311266512
0.0148830212944562,0.0102549814318968
0.0148830212944562,0.0209376673815262
0.0148830212944562,0.012839994694546
0.0148830212944562,0.017094515945094
0.0148830212944562,0.013846385735037
0.0148830212944562,0.0144072657285715
0.0148830212944562,0.0183287107779723
0.0148830212944562,0.0109965783068926
0.0148830212944562,0.017094515945094
0.0148830212944562,0.0135200965225573
0.0148830212944562,0.0147267639535937
0.0148830212944562,0.017094515945094
0.0148830212944562,0.0109396415151251
0.0148830212944562,0.013846385735037
0.0148830212944562,0.017094515945094
0.0148830212944562,0.0172040177683663
0.0148830212944562,0.0109965783068926
0.0149805665541225,0.0131290105541389
0.0148830212944562,0.0183287107779723
0.0148830212944562,0.0123703847989494
0.0148830212944562,0.0131290105541389
0.0148830212944562,0.0172040177683663
0.0148830212944562,0.0109965783068926
0.0148830212944562,0.017094515945094
0.0148830212944562,0.0183287107779723
0.0148830212944562,0.0188043655544871
0.0148830212944562,0.0150158998677411
0.0148830212944562,0.0206451060654987
0.0149805665541225,0.0120632496936918
0.0149805665541225,0.0177252571819792
0.0149805665541225,0.0141298895595459
0.0149805665541225,0.0148268644159121
0.0149805665541225,0.0183287107779723
0.0149805665541225,0.0183287107779723
0.0149805665541225,0.0135200965225573
0.0148830212944562,0.0206451060654987
0.0148830212944562,0.00967728311266512
0.0148830212944562,0.0115085313688693
0.0148830212944562,0.0145288428029026
0.0148830212944562,0.0147267639535937
0.0148830212944562,0.0156313187402969
0.0148830212944562,0.0206451060654987
0.0148830212944562,0.0109396415151251
0.0148830212944562,0.0184323491089764
0.0148830212944562,0.0188043655544871
0.0148830212944562,0.0184323491089764
0.0148830212944562,0.0177252571819792
0.0148830212944562,0.0131290105541389
0.0148830212944562,0.0131290105541389
0.0148830212944562,0.0149516574793436
0.0148830212944562,0.0115085313688693
0.0148830212944562,0.0135200965225573
0.0148830212944562,0.0184323491089764
0.0147718091616369,0.0123703847989494
0.0147718091616369,0.0123703847989494
0.0147718091616369,0.0188043655544871
0.0147718091616369,0.0183287107779723
0.0148830212944562,0.0116992453404094
0.0148830212944562,0.0206451060654987
0.0147718091616369,0.0174625476584397
0.0147718091616369,0.00699154783076355
0.0146179073207136,0.0145288428029026
0.0146179073207136,0.0138254476037041
0.0146179073207136,0.0116992453404094
0.0146179073207136,0.013846385735037
0.0146179073207136,0.0145288428029026
0.0147718091616369,0.0145288428029026
0.0147718091616369,0.0145288428029026
0.0147718091616369,0.013846385735037
0.0146179073207136,0.013846385735037
0.0146179073207136,0.0131290105541389
0.0146179073207136,0.0135200965225573
0.0148279660401811,0.00946859203100791
0.0148279660401811,0.0138316227445919
0.0148279660401811,0.0145288428029026
0.0152575050467725,0.012839994694546
0.0152575050467725,0.0131290105541389
0.0152575050467725,0.0138254476037041
0.0152575050467725,0.0182124312377915
0.0152575050467725,0.0115085313688693
0.0152575050467725,0.0135200965225573
0.0152575050467725,0.0147267639535937
0.0152575050467725,0.012839994694546
0.0152575050467725,0.0149516574793436
0.0152575050467725,0.0145288428029026
0.0152575050467725,0.0131290105541389
0.0152575050467725,0.0206451060654987
0.0162238437260513,0.013846385735037
0.0162238437260513,0.0131290105541389
0.0162238437260513,0.012839994694546
0.0162238437260513,0.0138316227445919
0.0162238437260513,0.0145288428029026
0.0162238437260513,0.0149516574793436
0.0162238437260513,0.0211940874548472
0.0162238437260513,0.0109965783068926
0.0162238437260513,0.0191124906878221
0.0162238437260513,0.013846385735037
0.0162238437260513,0.0211940874548472
0.0162238437260513,0.0103802420555344
0.0162238437260513,0.00923795536666282
0.0162238437260513,0.012839994694546
0.0162238437260513,0.0182124312377915
0.0162238437260513,0.00976956656441681
0.0162238437260513,0.0184323491089764
0.0162238437260513,0.0183287107779723
0.0162238437260513,0.00904715648403717
0.0162238437260513,0.0135200965225573
0.0162238437260513,0.0172458388610747
0.0162238437260513,0.0147267639535937
0.0162238437260513,0.0138254476037041
0.0162238437260513,0.0172458388610747
0.0162238437260513,0.0103802420555344
0.0162238437260513,0.0169480409308622
0.0162238437260513,0.0107912596614176
0.0162238437260513,0.0172040177683663
0.0162238437260513,0.0182124312377915
0.0162238437260513,0.0172040177683663
0.0162238437260513,0.0148019372602211
0.0162238437260513,0.00976956656441681
0.0162238437260513,0.0131290105541389
0.0162238437260513,0.0109965783068926
0.0162238437260513,0.0172458388610747
0.0152575050467725,0.0109965783068926
0.0162238437260513,0.0147267639535937
0.0162238437260513,0.0184323491089764
0.0163977188568242,0.0107912596614176
0.0163977188568242,0.0159474553417023
0.0170139546872665,0.0191124906878221
0.0171437917655665,0.0177065661556065
0.0171437917655665,0.017094515945094
0.0170139546872665,0.0182124312377915
0.0170139546872665,0.0172458388610747
0.0170139546872665,0.0172458388610747
0.0170139546872665,0.0211940874548472
0.0170139546872665,0.017094515945094
0.0170139546872665,0.00929396581264709
0.0171437917655665,0.0197492702659427
0.0171437917655665,0.010018006941627
0.0171437917655665,0.00976956656441681
0.0171437917655665,0.0138316227445919
0.0171437917655665,0.0149516574793436
0.0171437917655665,0.0159474553417023
0.0171437917655665,0.0169480409308622
0.0171437917655665,0.0206451060654987
0.0171437917655665,0.0149516574793436
0.0171437917655665,0.0172458388610747
0.0171437917655665,0.0172458388610747
0.0171437917655665,0.0147267639535937
0.0171437917655665,0.0172458388610747
0.0171437917655665,0.0172458388610747
0.0171437917655665,0.0210104013599542
0.0171437917655665,0.0174625476584397
0.0171437917655665,0.0172040177683663
0.0171437917655665,0.0172458388610747
0.0171437917655665,0.010676775065907
0.0171437917655665,0.0159474553417023
0.0171437917655665,0.017094515945094
0.0171437917655665,0.0156313187402969
0.0171437917655665,0.0211940874548472
0.0171437917655665,0.0177065661556065
0.0171437917655665,0.0159474553417023
0.0172228372600851,0.0149516574793436
0.0172228372600851,0.0211940874548472
0.0172228372600851,0.0191124906878221
0.0172228372600851,0.0174625476584397
0.0172228372600851,0.0148019372602211
0.0172228372600851,0.0105274302798472
0.0172228372600851,0.0172458388610747
0.0172228372600851,0.0172040177683663
0.0172228372600851,0.0138254476037041
0.0172228372600851,0.0197492702659427
0.0172228372600851,0.0177065661556065
0.0172228372600851,0.0145288428029026
0.0172228372600851,0.0111611422840864
0.0172228372600851,0.0138254476037041
0.0172228372600851,0.0149516574793436
0.0172228372600851,0.0177065661556065
0.0172228372600851,0.0149516574793436
0.0171437917655665,0.0147267639535937
0.0171437917655665,0.0164014409113974
0.0171437917655665,0.0206451060654987
0.0171437917655665,0.0169480409308622
0.0171437917655665,0.0156313187402969
0.0171437917655665,0.0145288428029026
0.0171437917655665,0.0169480409308622
0.0171437917655665,0.0138254476037041
0.0171437917655665,0.0191124906878221
0.0171437917655665,0.017094515945094
0.0171437917655665,0.0111611422840864
0.0171437917655665,0.0164014409113974
0.0171437917655665,0.0138316227445919
0.0171437917655665,0.0145288428029026
0.0171437917655665,0.0177065661556065
0.0171437917655665,0.017094515945094
0.0171437917655665,0.0159069370607568
0.0171437917655665,0.017094515945094
0.0171437917655665,0.0206451060654987
0.0171437917655665,0.0156313187402969
0.0171437917655665,0.0172040177683663
0.0171437917655665,0.0136944134850401
0.0171437917655665,0.022623978381604
0.0170139546872665,0.0136944134850401
0.0170139546872665,0.0172458388610747
0.0170139546872665,0.0191124906878221
0.0170139546872665,0.0136944134850401
0.0170139546872665,0.0164014409113974
0.0170139546872665,0.0147267639535937
0.0170139546872665,0.0109891964319207
0.0170139546872665,0.0159474553417023
0.0171626112572853,0.0197492702659427
0.0170139546872665,0.0169480409308622
0.0171626112572853,0.0159069370607568
0.0171626112572853,0.0229977528428216
0.0171626112572853,0.0104369192804307
0.0171626112572853,0.0159069370607568
0.0171626112572853,0.017094515945094
0.0171626112572853,0.0159474553417023
0.0171626112572853,0.0131290105541389
0.0171626112572853,0.017094515945094
0.0171626112572853,0.0112561312373336
0.0172689166027756,0.0197492702659427
0.0172689166027756,0.0172971227315212
0.0172689166027756,0.0159069370607568
0.0172689166027756,0.0203010960952649
0.0172689166027756,0.012273704550421
0.0172689166027756,0.0105274302798472
0.0172689166027756,0.0220796283555359
0.0173715639486345,0.0182124312377915
0.0173715639486345,0.0177065661556065
0.0173715639486345,0.0201588495720655
0.0173715639486345,0.0169480409308622
0.0173715639486345,0.0210104013599542
0.0173715639486345,0.0112394140880087
0.0173715639486345,0.0210104013599542
0.0173715639486345,0.0138254476037041
0.0173715639486345,0.0203010960952649
0.0173715639486345,0.0201588495720655
0.0173715639486345,0.0172971227315212
0.0173715639486345,0.0159474553417023
0.0173715639486345,0.0159474553417023
0.0173715639486345,0.0107912596614176
0.0173715639486345,0.0169480409308622
0.0173715639486345,0.0167492751178604
0.0173715639486345,0.0182124312377915
0.0173715639486345,0.0182124312377915
0.0173715639486345,0.022623978381604
0.0173715639486345,0.0182124312377915
0.0173715639486345,0.0220796283555359
0.0173715639486345,0.0172458388610747
0.0173715639486345,0.0143081820678773
0.0173715639486345,0.0202571512209698
0.0173715639486345,0.0172971227315212
0.0173715639486345,0.0203010960952649
0.0173715639486345,0.0156313187402969
0.0173715639486345,0.0169480409308622
0.0173715639486345,0.0156313187402969
0.0173715639486345,0.0145288428029026
0.0173715639486345,0.0174625476584397
0.0173715639486345,0.0169480409308622
0.0173715639486345,0.015287339505898
0.0173715639486345,0.0191124906878221
0.0173715639486345,0.0210104013599542
0.0173715639486345,0.010676775065907
0.0173715639486345,0.0159474553417023
0.0173715639486345,0.0172458388610747
0.0173715639486345,0.0174625476584397
0.0173715639486345,0.0174625476584397
0.0173715639486345,0.0191124906878221
0.0173715639486345,0.0201588495720655
0.0172689166027756,0.0145288428029026
0.0172689166027756,0.0174625476584397
0.0172689166027756,0.0105274302798472
0.0173715639486345,0.0130237014219683
0.0173715639486345,0.0172458388610747
0.0173715639486345,0.0172971227315212
0.0173715639486345,0.0128410030631962
0.0173715639486345,0.0210104013599542
0.0173715639486345,0.0169480409308622
0.0173715639486345,0.0179209083360502
0.0173715639486345,0.0203010960952649
0.0173715639486345,0.0159069370607568
0.0173715639486345,0.0172971227315212
0.0173715639486345,0.0177065661556065
0.0173715639486345,0.0159069370607568
0.0173715639486345,0.0169480409308622
0.0173715639486345,0.0179209083360502
0.0173715639486345,0.0172458388610747
0.0173715639486345,0.0182124312377915
0.0173715639486345,0.0159474553417023
0.0173715639486345,0.0229977528428216
0.0173715639486345,0.0182124312377915
0.0173715639486345,0.0172458388610747
0.0173715639486345,0.015287339505898
0.0173715639486345,0.0177065661556065
0.0175723559821648,0.0159069370607568
0.0175723559821648,0.015287339505898
0.0175723559821648,0.0215150470413199
0.0175723559821648,0.0164014409113974
0.0175723559821648,0.0172458388610747
0.0175723559821648,0.0179209083360502
0.0175723559821648,0.0210104013599542
0.0175723559821648,0.0138254476037041
0.0175723559821648,0.0159069370607568
0.0175723559821648,0.0164014409113974
0.0175723559821648,0.0141940146592134
0.0175723559821648,0.0229977528428216
0.0175723559821648,0.0164014409113974
0.0175723559821648,0.0191124906878221
0.0175723559821648,0.0172458388610747
0.0174813722723596,0.0172458388610747
0.0174813722723596,0.0172458388610747
0.0174813722723596,0.0167492751178604
0.0174813722723596,0.0202571512209698
0.0174813722723596,0.012273704550421
0.0174813722723596,0.0179209083360502
