"","fechaPred","varHist","varHistPonde"
"4","5-Jan-16",NA,NA
"5","6-Jan-16",NA,NA
"6","7-Jan-16",NA,NA
"7","8-Jan-16",NA,NA
"8","11-Jan-16",NA,NA
"11","12-Jan-16",NA,NA
"12","13-Jan-16",NA,NA
"13","14-Jan-16",NA,NA
"14","15-Jan-16",NA,NA
"15","18-Jan-16",NA,NA
"18","19-Jan-16",NA,NA
"19","20-Jan-16",NA,NA
"20","21-Jan-16",NA,NA
"21","22-Jan-16",NA,NA
"22","25-Jan-16",NA,NA
"25","26-Jan-16",NA,NA
"26","27-Jan-16",NA,NA
"27","28-Jan-16",NA,NA
"28","29-Jan-16",NA,NA
"29","2-Feb-16",NA,NA
"33","3-Feb-16",NA,NA
"34","4-Feb-16",NA,NA
"35","5-Feb-16",NA,NA
"36","8-Feb-16",NA,NA
"39","9-Feb-16",NA,NA
"40","10-Feb-16",NA,NA
"41","11-Feb-16",NA,NA
"42","12-Feb-16",NA,NA
"43","15-Feb-16",NA,NA
"46","16-Feb-16",NA,NA
"47","17-Feb-16",NA,NA
"48","18-Feb-16",NA,NA
"49","19-Feb-16",NA,NA
"50","22-Feb-16",NA,NA
"53","23-Feb-16",NA,NA
"54","24-Feb-16",NA,NA
"55","25-Feb-16",NA,NA
"56","26-Feb-16",NA,NA
"57","29-Feb-16",NA,NA
"60","1-Mar-16",NA,NA
"61","2-Mar-16",NA,NA
"62","3-Mar-16",NA,NA
"63","4-Mar-16",NA,NA
"64","7-Mar-16",NA,NA
"67","8-Mar-16",NA,NA
"68","9-Mar-16",NA,NA
"69","10-Mar-16",NA,NA
"70","11-Mar-16",NA,NA
"71","14-Mar-16",NA,NA
"74","15-Mar-16",NA,NA
"75","16-Mar-16",NA,NA
"76","17-Mar-16",NA,NA
"77","18-Mar-16",NA,NA
"78","22-Mar-16",NA,NA
"82","23-Mar-16",NA,NA
"83","28-Mar-16",NA,NA
"88","29-Mar-16",NA,NA
"89","30-Mar-16",NA,NA
"90","31-Mar-16",NA,NA
"91","1-Apr-16",NA,NA
"92","4-Apr-16",NA,NA
"95","5-Apr-16",NA,NA
"96","6-Apr-16",NA,NA
"97","7-Apr-16",NA,NA
"98","8-Apr-16",NA,NA
"99","11-Apr-16",NA,NA
"102","12-Apr-16",NA,NA
"103","13-Apr-16",NA,NA
"104","14-Apr-16",NA,NA
"105","15-Apr-16",NA,NA
"106","18-Apr-16",NA,NA
"109","19-Apr-16",NA,NA
"110","20-Apr-16",NA,NA
"111","21-Apr-16",NA,NA
"112","22-Apr-16",NA,NA
"113","25-Apr-16",NA,NA
"116","26-Apr-16",NA,NA
"117","27-Apr-16",NA,NA
"118","28-Apr-16",NA,NA
"119","29-Apr-16",NA,NA
"120","2-May-16",NA,NA
"123","3-May-16",NA,NA
"124","4-May-16",NA,NA
"125","5-May-16",NA,NA
"126","6-May-16",NA,NA
"127","9-May-16",NA,NA
"130","10-May-16",NA,NA
"131","11-May-16",NA,NA
"132","12-May-16",NA,NA
"133","13-May-16",NA,NA
"134","16-May-16",NA,NA
"137","17-May-16",NA,NA
"138","18-May-16",NA,NA
"139","19-May-16",NA,NA
"140","20-May-16",NA,NA
"141","23-May-16",NA,NA
"144","24-May-16",NA,NA
"145","25-May-16",NA,NA
"146","26-May-16",NA,NA
"147","27-May-16",NA,NA
"148","30-May-16",NA,NA
"151","31-May-16",NA,NA
"152","1-Jun-16",NA,NA
"153","2-Jun-16",NA,NA
"154","3-Jun-16",NA,NA
"155","6-Jun-16",NA,NA
"158","7-Jun-16",NA,NA
"159","8-Jun-16",NA,NA
"160","9-Jun-16",NA,NA
"161","10-Jun-16",NA,NA
"162","13-Jun-16",NA,NA
"165","14-Jun-16",NA,NA
"166","15-Jun-16",NA,NA
"167","16-Jun-16",NA,NA
"168","17-Jun-16",NA,NA
"169","20-Jun-16",NA,NA
"172","21-Jun-16",NA,NA
"173","22-Jun-16",NA,NA
"174","23-Jun-16",NA,NA
"175","24-Jun-16",NA,NA
"176","27-Jun-16",NA,NA
"179","28-Jun-16",NA,NA
"180","29-Jun-16",NA,NA
"181","30-Jun-16",NA,NA
"182","1-Jul-16",NA,NA
"183","4-Jul-16",NA,NA
"186","5-Jul-16",NA,NA
"187","6-Jul-16",NA,NA
"188","7-Jul-16",NA,NA
"189","8-Jul-16",NA,NA
"190","11-Jul-16",NA,NA
"193","12-Jul-16",NA,NA
"194","13-Jul-16",NA,NA
"195","14-Jul-16",NA,NA
"196","15-Jul-16",NA,NA
"197","18-Jul-16",NA,NA
"200","19-Jul-16",NA,NA
"201","20-Jul-16",NA,NA
"202","21-Jul-16",NA,NA
"203","22-Jul-16",NA,NA
"204","25-Jul-16",NA,NA
"207","26-Jul-16",NA,NA
"208","27-Jul-16",NA,NA
"209","28-Jul-16",NA,NA
"210","29-Jul-16",NA,NA
"211","1-Aug-16",NA,NA
"214","2-Aug-16",NA,NA
"215","3-Aug-16",NA,NA
"216","4-Aug-16",NA,NA
"217","5-Aug-16",NA,NA
"218","8-Aug-16",NA,NA
"221","9-Aug-16",NA,NA
"222","10-Aug-16",NA,NA
"223","11-Aug-16",NA,NA
"224","12-Aug-16",NA,NA
"225","15-Aug-16",NA,NA
"228","16-Aug-16",NA,NA
"229","17-Aug-16",NA,NA
"230","18-Aug-16",NA,NA
"231","19-Aug-16",NA,NA
"232","22-Aug-16",NA,NA
"235","23-Aug-16",NA,NA
"236","24-Aug-16",NA,NA
"237","25-Aug-16",NA,NA
"238","26-Aug-16",NA,NA
"239","29-Aug-16",NA,NA
"242","30-Aug-16",NA,NA
"243","31-Aug-16",NA,NA
"244","1-Sep-16",NA,NA
"245","2-Sep-16",NA,NA
"246","5-Sep-16",NA,NA
"249","6-Sep-16",NA,NA
"250","7-Sep-16",NA,NA
"251","8-Sep-16",NA,NA
"252","9-Sep-16",NA,NA
"253","12-Sep-16",NA,NA
"256","13-Sep-16",NA,NA
"257","14-Sep-16",NA,NA
"258","15-Sep-16",NA,NA
"259","19-Sep-16",NA,NA
"263","20-Sep-16",NA,NA
"264","21-Sep-16",NA,NA
"265","22-Sep-16",NA,NA
"266","23-Sep-16",NA,NA
"267","26-Sep-16",NA,NA
"270","27-Sep-16",NA,NA
"271","28-Sep-16",NA,NA
"272","29-Sep-16",NA,NA
"273","30-Sep-16",NA,NA
"274","3-Oct-16",NA,NA
"277","4-Oct-16",NA,NA
"278","5-Oct-16",NA,NA
"279","6-Oct-16",NA,NA
"280","7-Oct-16",NA,NA
"281","10-Oct-16",NA,NA
"284","11-Oct-16",NA,NA
"285","12-Oct-16",NA,NA
"286","13-Oct-16",NA,NA
"287","14-Oct-16",NA,NA
"288","17-Oct-16",NA,NA
"291","18-Oct-16",NA,NA
"292","19-Oct-16",NA,NA
"293","20-Oct-16",NA,NA
"294","21-Oct-16",NA,NA
"295","24-Oct-16",NA,NA
"298","25-Oct-16",NA,NA
"299","26-Oct-16",NA,NA
"300","27-Oct-16",NA,NA
"301","28-Oct-16",NA,NA
"302","31-Oct-16",NA,NA
"305","1-Nov-16",NA,NA
"306","3-Nov-16",NA,NA
"308","4-Nov-16",NA,NA
"309","7-Nov-16",NA,NA
"312","8-Nov-16",NA,NA
"313","9-Nov-16",NA,NA
"314","10-Nov-16",NA,NA
"315","11-Nov-16",NA,NA
"316","14-Nov-16",NA,NA
"319","15-Nov-16",NA,NA
"320","16-Nov-16",NA,NA
"321","17-Nov-16",NA,NA
"322","18-Nov-16",NA,NA
"323","22-Nov-16",NA,NA
"327","23-Nov-16",NA,NA
"328","24-Nov-16",NA,NA
"329","25-Nov-16",NA,NA
"330","28-Nov-16",NA,NA
"333","29-Nov-16",NA,NA
"334","30-Nov-16",NA,NA
"335","1-Dec-16",NA,NA
"336","2-Dec-16",NA,NA
"337","5-Dec-16",NA,NA
"340","6-Dec-16",NA,NA
"341","7-Dec-16",NA,NA
"342","8-Dec-16",NA,NA
"343","9-Dec-16",NA,NA
"344","13-Dec-16",NA,NA
"348","14-Dec-16",NA,NA
"349","15-Dec-16",NA,NA
"350","16-Dec-16",NA,NA
"351","19-Dec-16",NA,NA
"354","20-Dec-16",NA,NA
"355","21-Dec-16",NA,NA
"356","22-Dec-16",NA,NA
"357","23-Dec-16",NA,NA
"358","26-Dec-16",NA,NA
"361","27-Dec-16",NA,NA
"362","28-Dec-16",NA,NA
"363","29-Dec-16",NA,NA
"364","30-Dec-16",NA,NA
"365","2-Jan-17",1.27290545737876,1.48140536469117
"368","3-Jan-17",1.24274748277102,1.48140536469117
"369","4-Jan-17",1.24274748277102,1.48140536469117
"370","5-Jan-17",1.24274748277102,1.48140536469117
"371","6-Jan-17",1.23448794203145,1.39586444357078
"372","9-Jan-17",1.24274748277102,1.39760675356088
"375","10-Jan-17",1.24274748277102,1.39760675356088
"376","11-Jan-17",1.24274748277102,1.39760675356088
"377","12-Jan-17",1.24274748277102,1.39760675356088
"378","13-Jan-17",1.24274748277102,1.39760675356088
"379","16-Jan-17",1.24274748277102,1.39760675356088
"382","17-Jan-17",1.24274748277102,1.39760675356088
"383","18-Jan-17",1.24274748277102,1.39760675356088
"384","19-Jan-17",1.24274748277102,1.39760675356088
"385","20-Jan-17",1.24274748277102,1.39760675356088
"386","23-Jan-17",1.24274748277102,1.39760675356088
"389","24-Jan-17",1.24274748277102,1.39760675356088
"390","25-Jan-17",1.24274748277102,1.39760675356088
"391","26-Jan-17",1.24274748277102,1.39760675356088
"392","27-Jan-17",1.27290545737876,1.39760675356088
"393","30-Jan-17",1.27290545737876,1.39586444357078
"396","31-Jan-17",1.27290545737876,1.39586444357078
"397","1-Feb-17",1.27290545737876,1.39586444357078
"398","2-Feb-17",1.27290545737876,1.39586444357078
"399","3-Feb-17",1.27290545737876,1.39586444357078
"400","7-Feb-17",1.27290545737876,1.39586444357078
"404","8-Feb-17",1.27290545737876,1.39586444357078
"405","9-Feb-17",1.27290545737876,1.38579528352151
"406","10-Feb-17",1.27290545737876,1.38579528352151
"407","13-Feb-17",1.27290545737876,1.38579528352151
"410","14-Feb-17",1.27290545737876,1.38579528352151
"411","15-Feb-17",1.27290545737876,1.38579528352151
"412","16-Feb-17",1.27290545737876,1.38579528352151
"413","17-Feb-17",1.27290545737876,1.38579528352151
"414","20-Feb-17",1.27290545737876,1.38579528352151
"417","21-Feb-17",1.27290545737876,1.38579528352151
"418","22-Feb-17",1.27290545737876,1.38579528352151
"419","23-Feb-17",1.27290545737876,1.38579528352151
"420","24-Feb-17",1.27290545737876,1.38579528352151
"421","27-Feb-17",1.27290545737876,1.38579528352151
"424","28-Feb-17",1.27290545737876,1.31830624899417
"425","1-Mar-17",1.27290545737876,1.31830624899417
"426","2-Mar-17",1.27290545737876,1.24440670178588
"427","3-Mar-17",1.27290545737876,1.24440670178588
"428","6-Mar-17",1.27290545737876,1.22049218621835
"431","7-Mar-17",1.27290545737876,1.1308378028279
"432","8-Mar-17",1.27290545737876,1.1308378028279
"433","9-Mar-17",1.27290545737876,1.1308378028279
"434","10-Mar-17",1.27290545737876,1.1308378028279
"435","13-Mar-17",1.27290545737876,1.1308378028279
"438","14-Mar-17",1.27290545737876,1.1308378028279
"439","15-Mar-17",1.27290545737876,1.05616439536092
"440","16-Mar-17",1.27290545737876,1.05616439536092
"441","17-Mar-17",1.27290545737876,1.05616439536092
"442","21-Mar-17",1.27290545737876,1.05616439536092
"446","22-Mar-17",1.27290545737876,1.05616439536092
"447","23-Mar-17",1.27290545737876,1.05616439536092
"448","24-Mar-17",1.27290545737876,1.05616439536092
"449","27-Mar-17",1.27290545737876,1.05616439536092
"452","28-Mar-17",1.27290545737876,1.04539952173407
"453","29-Mar-17",1.27290545737876,1.04539952173407
"454","30-Mar-17",1.27290545737876,1.04539952173407
"455","31-Mar-17",1.27290545737876,1.04539952173407
"456","3-Apr-17",1.27290545737876,1.04539952173407
"459","4-Apr-17",1.27290545737876,1.04539952173407
"460","5-Apr-17",1.27290545737876,1.04539952173407
"461","6-Apr-17",1.27290545737876,1.04539952173407
"462","7-Apr-17",1.27290545737876,1.04539952173407
"463","10-Apr-17",1.27290545737876,1.04539952173407
"466","11-Apr-17",1.27290545737876,0.974649055777473
"467","12-Apr-17",1.27290545737876,0.974649055777473
"468","17-Apr-17",1.30779570987788,1.31830624899417
"473","18-Apr-17",1.30779570987788,1.24440670178588
"474","19-Apr-17",1.30779570987788,1.1308378028279
"475","20-Apr-17",1.30779570987788,1.1308378028279
"476","21-Apr-17",1.30779570987788,1.10689198091242
"477","24-Apr-17",1.30779570987788,1.05616439536092
"480","25-Apr-17",1.30779570987788,1.05616439536092
"481","26-Apr-17",1.30779570987788,1.05616439536092
"482","27-Apr-17",1.30779570987788,1.05616439536092
"483","28-Apr-17",1.30779570987788,1.04539952173407
"484","2-May-17",1.30779570987788,1.04539952173407
"488","3-May-17",1.30779570987788,1.04539952173407
"489","4-May-17",1.30779570987788,1.04539952173407
"490","5-May-17",1.30779570987788,1.04539952173407
"491","8-May-17",1.30779570987788,1.04539952173407
"494","9-May-17",1.30779570987788,0.990718094616775
"495","10-May-17",1.30779570987788,0.990718094616775
"496","11-May-17",1.30779570987788,0.990718094616775
"497","12-May-17",1.30779570987788,0.990718094616775
"498","15-May-17",1.30779570987788,0.990718094616775
"501","16-May-17",1.30779570987788,0.990718094616775
"502","17-May-17",1.30779570987788,0.990718094616775
"503","18-May-17",1.31256473721936,1.3837000482832
"504","19-May-17",1.31256473721936,1.3837000482832
"505","22-May-17",1.31256473721936,1.3837000482832
"508","23-May-17",1.31256473721936,1.3837000482832
"509","24-May-17",1.31256473721936,1.24440670178588
"510","25-May-17",1.31256473721936,1.1308378028279
"511","26-May-17",1.31256473721936,1.05616439536092
"512","29-May-17",1.31256473721936,1.05616439536092
"515","30-May-17",1.31256473721936,1.04539952173407
"516","31-May-17",1.31256473721936,1.04539952173407
"517","1-Jun-17",1.31256473721936,1.04539952173407
"518","2-Jun-17",1.31256473721936,0.998331978256844
"519","5-Jun-17",1.31256473721936,0.998331978256844
"522","6-Jun-17",1.31256473721936,0.998331978256844
"523","7-Jun-17",1.31256473721936,0.998331978256844
"524","8-Jun-17",1.31256473721936,0.998331978256844
"525","9-Jun-17",1.31256473721936,0.998331978256844
"526","12-Jun-17",1.31249331042091,0.998331978256844
"529","13-Jun-17",1.31249331042091,0.998331978256844
"530","14-Jun-17",1.31249331042091,0.998331978256844
"531","15-Jun-17",1.31249331042091,0.998331978256844
"532","16-Jun-17",1.31249331042091,0.998331978256844
"533","19-Jun-17",1.31249331042091,0.998331978256844
"536","20-Jun-17",1.31249331042091,0.998331978256844
"537","21-Jun-17",1.31249331042091,0.998331978256844
"538","22-Jun-17",1.31249331042091,0.998331978256844
"539","23-Jun-17",1.31249331042091,0.990718094616775
"540","26-Jun-17",1.31249331042091,0.990718094616775
"543","27-Jun-17",1.27290545737876,0.990718094616775
"544","28-Jun-17",1.23125371822374,0.990718094616775
"545","29-Jun-17",1.23125371822374,0.990718094616775
"546","30-Jun-17",1.23125371822374,0.990718094616775
"547","3-Jul-17",1.23125371822374,0.974649055777473
"550","4-Jul-17",1.23125371822374,0.974649055777473
"551","5-Jul-17",1.23125371822374,0.961792633688037
"552","6-Jul-17",1.23125371822374,0.884526464906201
"553","7-Jul-17",1.23125371822374,0.877123510965241
"554","10-Jul-17",1.23125371822374,0.877123510965241
"557","11-Jul-17",1.23125371822374,0.877123510965241
"558","12-Jul-17",1.23125371822374,0.877123510965241
"559","13-Jul-17",1.23125371822374,0.877123510965241
"560","14-Jul-17",1.23125371822374,0.877123510965241
"561","17-Jul-17",1.23125371822374,0.804359246683322
"564","18-Jul-17",1.23125371822374,0.804359246683322
"565","19-Jul-17",1.23125371822374,0.804359246683322
"566","20-Jul-17",1.23125371822374,0.804359246683322
"567","21-Jul-17",1.23125371822374,0.804359246683322
"568","24-Jul-17",1.23125371822374,0.756740379003503
"571","25-Jul-17",1.23125371822374,0.756740379003503
"572","26-Jul-17",1.23125371822374,0.756740379003503
"573","27-Jul-17",1.23125371822374,0.756740379003503
"574","28-Jul-17",1.23125371822374,0.756740379003503
"575","31-Jul-17",1.23125371822374,0.756740379003503
"578","1-Aug-17",1.23125371822374,0.756740379003503
"579","2-Aug-17",1.23125371822374,0.666749377079127
"580","3-Aug-17",1.23125371822374,0.666749377079127
"581","4-Aug-17",1.23125371822374,0.666749377079127
"582","7-Aug-17",1.23125371822374,0.666749377079127
"585","8-Aug-17",1.23125371822374,0.666749377079127
"586","9-Aug-17",1.23125371822374,0.666749377079127
"587","10-Aug-17",1.23125371822374,0.666749377079127
"588","11-Aug-17",1.23125371822374,0.666749377079127
"589","14-Aug-17",1.23125371822374,0.666749377079127
"592","15-Aug-17",1.23125371822374,0.666749377079127
"593","16-Aug-17",1.23125371822374,0.666749377079127
"594","17-Aug-17",1.23125371822374,0.666749377079127
"595","18-Aug-17",1.23125371822374,0.666749377079127
"596","21-Aug-17",1.23125371822374,0.666749377079127
"599","22-Aug-17",1.23125371822374,0.666749377079127
"600","23-Aug-17",1.23125371822374,0.660626523427597
"601","24-Aug-17",1.1711822753536,0.647439016282629
"602","25-Aug-17",1.1711822753536,0.647439016282629
"603","28-Aug-17",1.1711822753536,0.647439016282629
"606","29-Aug-17",1.1711822753536,0.647439016282629
"607","30-Aug-17",1.1711822753536,0.647439016282629
"608","31-Aug-17",1.1711822753536,0.647439016282629
"609","1-Sep-17",1.1711822753536,0.647439016282629
"610","4-Sep-17",1.1711822753536,0.647439016282629
"613","5-Sep-17",1.1711822753536,0.647439016282629
"614","6-Sep-17",1.1711822753536,0.756740379003503
"615","7-Sep-17",1.1711822753536,0.756740379003503
"616","8-Sep-17",1.1711822753536,0.696838618124701
"617","11-Sep-17",1.1711822753536,0.666749377079127
"620","12-Sep-17",1.11766760077439,0.666749377079127
"621","13-Sep-17",1.11766760077439,0.666749377079127
"622","14-Sep-17",1.0789918088591,0.666749377079127
"623","15-Sep-17",1.0789918088591,0.666749377079127
"624","18-Sep-17",1.0789918088591,0.666749377079127
"627","19-Sep-17",1.0789918088591,0.666749377079127
"628","20-Sep-17",1.0789918088591,0.647439016282629
"629","21-Sep-17",1.0789918088591,0.647439016282629
"630","22-Sep-17",1.0789918088591,0.647439016282629
"631","25-Sep-17",1.0789918088591,0.647439016282629
"634","26-Sep-17",1.05024371486615,0.647439016282629
"635","27-Sep-17",1.05024371486615,0.647439016282629
"636","28-Sep-17",1.05024371486615,0.647439016282629
"637","29-Sep-17",1.05024371486615,0.647439016282629
"638","2-Oct-17",1.05024371486615,0.628105521611031
"641","3-Oct-17",1.05024371486615,0.628105521611031
"642","4-Oct-17",1.05024371486615,0.628105521611031
"643","5-Oct-17",1.05024371486615,0.628105521611031
"644","6-Oct-17",1.05024371486615,0.628105521611031
"645","9-Oct-17",1.05024371486615,0.628105521611031
"648","10-Oct-17",1.05024371486615,0.628105521611031
"649","11-Oct-17",1.05024371486615,0.628105521611031
"650","12-Oct-17",1.05024371486615,0.628105521611031
"651","13-Oct-17",1.05024371486615,0.628105521611031
"652","16-Oct-17",1.05024371486615,0.628105521611031
"655","17-Oct-17",1.05024371486615,0.615438102831154
"656","18-Oct-17",1.05024371486615,0.568442528583786
"657","19-Oct-17",1.05024371486615,0.568442528583786
"658","20-Oct-17",1.05024371486615,0.528916512122801
"659","23-Oct-17",1.05024371486615,0.528916512122801
"662","24-Oct-17",1.05024371486615,0.666749377079127
"663","25-Oct-17",1.05024371486615,0.666749377079127
"664","26-Oct-17",1.08976742872106,0.885265952456192
"665","27-Oct-17",1.08976742872106,0.885265952456192
"666","30-Oct-17",1.08976742872106,0.885265952456192
"669","31-Oct-17",1.08976742872106,0.885265952456192
"670","1-Nov-17",1.05024371486615,0.885265952456192
"671","3-Nov-17",1.04082370258485,0.885265952456192
"673","6-Nov-17",1.04082370258485,0.885265952456192
"676","7-Nov-17",1.04082370258485,0.885265952456192
"677","8-Nov-17",1.04082370258485,0.885265952456192
"678","9-Nov-17",1.01576852079042,0.885265952456192
"679","10-Nov-17",0.994144342254806,0.885265952456192
"680","13-Nov-17",1.01576852079042,1.41659838424981
"683","14-Nov-17",1.01576852079042,1.41659838424981
"684","15-Nov-17",1.01576852079042,1.03707985055367
"685","16-Nov-17",1.01576852079042,1.03707985055367
"686","17-Nov-17",1.01576852079042,1.03707985055367
"687","21-Nov-17",0.994144342254806,1.03707985055367
"691","22-Nov-17",0.994144342254806,1.03707985055367
"692","23-Nov-17",0.994144342254806,0.885265952456192
"693","24-Nov-17",0.994144342254806,0.885265952456192
"694","27-Nov-17",0.994144342254806,0.885265952456192
"697","28-Nov-17",1.01576852079042,1.40010604966445
"698","29-Nov-17",1.01576852079042,1.40010604966445
"699","30-Nov-17",1.01576852079042,1.40010604966445
"700","1-Dec-17",1.04082370258485,1.40010604966445
"701","4-Dec-17",1.04082370258485,1.40010604966445
"704","5-Dec-17",1.04082370258485,1.40010604966445
"705","6-Dec-17",1.04082370258485,1.40010604966445
"706","7-Dec-17",1.04082370258485,1.40010604966445
"707","8-Dec-17",1.04082370258485,1.40010604966445
"708","11-Dec-17",1.04082370258485,1.40010604966445
"711","13-Dec-17",1.04082370258485,1.40010604966445
"713","14-Dec-17",1.03685335716752,1.12016770018431
"714","15-Dec-17",1.03685335716752,1.12016770018431
"715","18-Dec-17",1.01558320801993,1.12016770018431
"718","19-Dec-17",1.01558320801993,1.12016770018431
"719","20-Dec-17",1.01558320801993,1.12016770018431
"720","21-Dec-17",1.01558320801993,1.12016770018431
"721","22-Dec-17",1.01558320801993,1.12016770018431
"722","26-Dec-17",1.01558320801993,1.12016770018431
"726","27-Dec-17",1.01558320801993,1.12016770018431
"727","28-Dec-17",1.01558320801993,1.12016770018431
"728","29-Dec-17",1.01558320801993,1.12016770018431
"729","2-Jan-18",1.01558320801993,1.12016770018431
"733","3-Jan-18",1.01558320801993,1.12016770018431
"734","4-Jan-18",1.01558320801993,1.03707985055367
"735","5-Jan-18",1.01558320801993,1.03707985055367
"736","8-Jan-18",1.01558320801993,1.03666804439704
"739","9-Jan-18",1.01558320801993,1.03666804439704
"740","10-Jan-18",0.994144342254806,1.03666804439704
"741","11-Jan-18",0.994144342254806,1.40010604966445
"742","12-Jan-18",0.994144342254806,1.40010604966445
"743","15-Jan-18",0.994144342254806,1.40010604966445
"746","16-Jan-18",0.994144342254806,1.40010604966445
"747","17-Jan-18",0.994144342254806,1.40010604966445
"748","18-Jan-18",0.994144342254806,1.40010604966445
"749","19-Jan-18",0.994144342254806,1.12016770018431
"750","22-Jan-18",0.994144342254806,1.12016770018431
"753","23-Jan-18",0.994144342254806,1.12016770018431
"754","24-Jan-18",0.994144342254806,1.12016770018431
"755","25-Jan-18",0.994144342254806,1.12016770018431
"756","26-Jan-18",0.994144342254806,1.12016770018431
"757","29-Jan-18",0.994144342254806,1.04539952173407
"760","30-Jan-18",0.981880123255159,1.03666804439704
"761","31-Jan-18",0.981880123255159,1.03666804439704
"762","1-Feb-18",0.981880123255159,1.03666804439704
"763","2-Feb-18",0.981880123255159,1.03666804439704
"764","6-Feb-18",0.981880123255159,1.03666804439704
"768","7-Feb-18",0.994144342254806,1.86044850422544
"769","8-Feb-18",0.994144342254806,1.41659838424981
"770","9-Feb-18",0.994144342254806,2.18843531197643
"771","12-Feb-18",0.994144342254806,2.18843531197643
"774","13-Feb-18",0.994144342254806,2.18843531197643
"775","14-Feb-18",0.994144342254806,2.18843531197643
"776","15-Feb-18",0.994144342254806,2.18843531197643
"777","16-Feb-18",0.994144342254806,2.18843531197643
"778","19-Feb-18",0.994144342254806,2.18843531197643
"781","20-Feb-18",0.994144342254806,1.86044850422544
"782","21-Feb-18",0.994144342254806,1.86044850422544
"783","22-Feb-18",0.994144342254806,1.86044850422544
"784","23-Feb-18",0.994144342254806,1.86044850422544
"785","26-Feb-18",0.994144342254806,1.86044850422544
"788","27-Feb-18",0.994144342254806,1.86044850422544
"789","28-Feb-18",1.00943850092146,1.86044850422544
"790","1-Mar-18",1.02915784683224,1.86044850422544
"791","2-Mar-18",1.00943850092146,1.41659838424981
"792","5-Mar-18",1.00943850092146,1.41659838424981
"795","6-Mar-18",1.00943850092146,1.40010604966445
"796","7-Mar-18",1.00943850092146,1.40010604966445
"797","8-Mar-18",1.00943850092146,1.40010604966445
"798","9-Mar-18",1.00943850092146,1.12016770018431
"799","12-Mar-18",1.00943850092146,1.12016770018431
"802","13-Mar-18",1.00943850092146,1.11574481787527
"803","14-Mar-18",1.00943850092146,1.11574481787527
"804","15-Mar-18",1.00943850092146,1.11574481787527
"805","16-Mar-18",1.00943850092146,1.11574481787527
"806","20-Mar-18",1.00943850092146,1.11574481787527
"810","21-Mar-18",1.00943850092146,1.11574481787527
"811","22-Mar-18",1.00943850092146,1.11574481787527
"812","23-Mar-18",1.00943850092146,1.11574481787527
"813","26-Mar-18",1.02915784683224,1.80051152229832
"816","27-Mar-18",1.02915784683224,1.80051152229832
"817","28-Mar-18",1.02915784683224,1.80051152229832
"818","2-Apr-18",1.03685335716752,1.80051152229832
"823","3-Apr-18",1.03685335716752,1.80051152229832
"824","4-Apr-18",1.03685335716752,1.80051152229832
"825","5-Apr-18",1.03685335716752,1.80051152229832
"826","6-Apr-18",1.03685335716752,1.43941637035721
"827","9-Apr-18",1.03685335716752,1.43941637035721
"830","10-Apr-18",1.03685335716752,1.43941637035721
"831","11-Apr-18",1.03685335716752,1.43941637035721
"832","12-Apr-18",1.03685335716752,1.43941637035721
"833","13-Apr-18",1.03685335716752,1.43941637035721
"834","16-Apr-18",1.03685335716752,1.43941637035721
"837","17-Apr-18",1.03685335716752,1.43941637035721
"838","18-Apr-18",1.02915784683224,1.43941637035721
"839","19-Apr-18",1.02915784683224,1.43941637035721
"840","20-Apr-18",1.02915784683224,1.43941637035721
"841","23-Apr-18",1.02915784683224,1.43941637035721
"844","24-Apr-18",1.02915784683224,1.43941637035721
"845","25-Apr-18",1.02915784683224,1.43941637035721
"846","26-Apr-18",1.02915784683224,1.41659838424981
"847","27-Apr-18",1.02915784683224,1.40010604966445
"848","30-Apr-18",1.02915784683224,1.12016770018431
"851","2-May-18",1.02915784683224,1.11574481787527
"853","3-May-18",1.03685335716752,1.14005727338198
"854","4-May-18",1.07247908584839,1.50860395099027
"855","7-May-18",1.07247908584839,1.50860395099027
"858","8-May-18",1.11109541513471,1.50860395099027
"859","9-May-18",1.11109541513471,1.50860395099027
"860","10-May-18",1.11109541513471,1.50860395099027
"861","11-May-18",1.11109541513471,1.43941637035721
"862","14-May-18",1.11109541513471,1.43941637035721
"865","15-May-18",1.11109541513471,1.43941637035721
"866","16-May-18",1.11109541513471,1.43941637035721
"867","17-May-18",1.11109541513471,1.43941637035721
"868","18-May-18",1.11773511491434,1.43941637035721
"869","21-May-18",1.11109541513471,1.43941637035721
"872","22-May-18",1.11109541513471,1.43941637035721
"873","23-May-18",1.11109541513471,1.40010604966445
"874","24-May-18",1.11109541513471,1.37055819976271
"875","25-May-18",1.11109541513471,1.37055819976271
"876","28-May-18",1.11109541513471,1.37055819976271
"879","29-May-18",1.11109541513471,1.37055819976271
"880","30-May-18",1.11109541513471,1.37055819976271
"881","31-May-18",1.11109541513471,1.37055819976271
"882","1-Jun-18",1.11109541513471,1.37055819976271
"883","4-Jun-18",1.11109541513471,1.37055819976271
"886","5-Jun-18",1.11109541513471,1.37055819976271
"887","6-Jun-18",1.11109541513471,1.37055819976271
"888","7-Jun-18",1.11109541513471,1.37055819976271
"889","8-Jun-18",1.11109541513471,1.37055819976271
"890","11-Jun-18",1.11109541513471,1.37055819976271
"893","12-Jun-18",1.11109541513471,1.37055819976271
"894","13-Jun-18",1.11109541513471,1.14005727338198
"895","14-Jun-18",1.11109541513471,1.14005727338198
"896","15-Jun-18",1.11109541513471,1.14005727338198
"897","18-Jun-18",1.11109541513471,1.14005727338198
"900","19-Jun-18",1.11109541513471,1.14005727338198
"901","20-Jun-18",1.11109541513471,1.14005727338198
"902","21-Jun-18",1.11109541513471,1.14005727338198
"903","22-Jun-18",1.11109541513471,1.12016770018431
"904","25-Jun-18",1.11109541513471,1.11574481787527
"907","26-Jun-18",1.11109541513471,1.11574481787527
"908","27-Jun-18",1.11109541513471,1.10729135834698
"909","28-Jun-18",1.11109541513471,1.10729135834698
"910","29-Jun-18",1.11109541513471,1.10729135834698
"911","2-Jul-18",1.11109541513471,1.10729135834698
"914","3-Jul-18",1.11773511491434,1.43941637035721
"915","4-Jul-18",1.11773511491434,1.37055819976271
"916","5-Jul-18",1.11773511491434,1.37055819976271
"917","6-Jul-18",1.11773511491434,1.37055819976271
"918","9-Jul-18",1.11773511491434,1.37055819976271
"921","10-Jul-18",1.11773511491434,1.37055819976271
"922","11-Jul-18",1.11773511491434,1.37055819976271
"923","12-Jul-18",1.11773511491434,1.37055819976271
"924","13-Jul-18",1.11773511491434,1.14005727338198
"925","16-Jul-18",1.11773511491434,1.14005727338198
"928","17-Jul-18",1.11773511491434,1.14005727338198
"929","18-Jul-18",1.11773511491434,1.14005727338198
"930","19-Jul-18",1.11773511491434,1.11574481787527
"931","20-Jul-18",1.11773511491434,1.10729135834698
"932","23-Jul-18",1.11773511491434,1.10729135834698
"935","24-Jul-18",1.11773511491434,1.10729135834698
"936","25-Jul-18",1.11773511491434,1.10729135834698
"937","26-Jul-18",1.11773511491434,1.02301313973376
"938","27-Jul-18",1.11773511491434,0.914019897180618
"939","30-Jul-18",1.11773511491434,0.914019897180618
"942","31-Jul-18",1.11773511491434,0.914019897180618
"943","1-Aug-18",1.11773511491434,0.848344911104261
"944","2-Aug-18",1.11773511491434,0.843982122834188
"945","3-Aug-18",1.11773511491434,0.828369354161386
"946","6-Aug-18",1.11773511491434,0.819621162326637
"949","7-Aug-18",1.11773511491434,0.819621162326637
"950","8-Aug-18",1.11773511491434,0.798741535060257
"951","9-Aug-18",1.11773511491434,0.798741535060257
"952","10-Aug-18",1.12911800812326,1.31165236317624
"953","13-Aug-18",1.2172750637894,1.43941637035721
"956","14-Aug-18",1.2172750637894,1.37055819976271
"957","15-Aug-18",1.2172750637894,1.37055819976271
"958","16-Aug-18",1.2172750637894,1.37055819976271
"959","17-Aug-18",1.2172750637894,1.31165236317624
"960","20-Aug-18",1.2172750637894,1.31165236317624
"963","21-Aug-18",1.2172750637894,1.31165236317624
"964","22-Aug-18",1.2172750637894,1.31165236317624
"965","23-Aug-18",1.2172750637894,1.31165236317624
"966","24-Aug-18",1.2172750637894,1.31165236317624
"967","27-Aug-18",1.2172750637894,1.31165236317624
"970","28-Aug-18",1.2172750637894,1.31165236317624
"971","29-Aug-18",1.2172750637894,1.31165236317624
"972","30-Aug-18",1.2172750637894,1.31165236317624
"973","31-Aug-18",1.2172750637894,1.31165236317624
"974","3-Sep-18",1.2172750637894,1.31165236317624
"977","4-Sep-18",1.2172750637894,1.31165236317624
"978","5-Sep-18",1.26598967988828,1.31165236317624
"979","6-Sep-18",1.26598967988828,1.22862930265268
"980","7-Sep-18",1.26598967988828,1.22862930265268
"981","10-Sep-18",1.26598967988828,1.22862930265268
"984","11-Sep-18",1.26598967988828,1.22862930265268
"985","12-Sep-18",1.26598967988828,1.22862930265268
"986","13-Sep-18",1.26598967988828,1.22862930265268
"987","14-Sep-18",1.26598967988828,1.22862930265268
"988","17-Sep-18",1.26598967988828,1.22862930265268
"991","18-Sep-18",1.26598967988828,1.22862930265268
"992","19-Sep-18",1.26598967988828,1.22862930265268
"993","20-Sep-18",1.26598967988828,1.22862930265268
"994","21-Sep-18",1.26598967988828,1.22862930265268
"995","24-Sep-18",1.26598967988828,1.22862930265268
"998","25-Sep-18",1.26598967988828,1.22862930265268
"999","26-Sep-18",1.26598967988828,1.22862930265268
"1000","27-Sep-18",1.26598967988828,1.14005727338198
"1001","28-Sep-18",1.26598967988828,1.10729135834698
"1002","1-Oct-18",1.26598967988828,1.104823162601
"1005","2-Oct-18",1.26598967988828,1.104823162601
"1006","3-Oct-18",1.26598967988828,1.104823162601
"1007","4-Oct-18",1.26598967988828,1.104823162601
"1008","5-Oct-18",1.26598967988828,1.104823162601
"1009","8-Oct-18",1.30710184613666,1.30337869583155
"1012","9-Oct-18",1.30710184613666,1.30337869583155
"1013","10-Oct-18",1.30710184613666,1.30337869583155
"1014","11-Oct-18",1.30710184613666,1.30337869583155
"1015","12-Oct-18",1.30710184613666,1.22862930265268
"1016","15-Oct-18",1.30710184613666,1.22862930265268
"1019","16-Oct-18",1.30710184613666,1.22862930265268
"1020","17-Oct-18",1.30710184613666,1.22862930265268
"1021","18-Oct-18",1.30710184613666,1.22862930265268
"1022","19-Oct-18",1.33815998964015,1.30337869583155
"1023","22-Oct-18",1.33815998964015,1.30337869583155
"1026","23-Oct-18",1.33815998964015,1.30337869583155
"1027","24-Oct-18",1.33815998964015,1.30337869583155
"1028","25-Oct-18",1.33815998964015,1.30337869583155
"1029","26-Oct-18",1.33815998964015,1.30337869583155
"1030","29-Oct-18",1.30710184613666,1.30337869583155
"1033","30-Oct-18",1.33815998964015,1.81960151393187
"1034","31-Oct-18",1.33815998964015,1.81960151393187
"1035","1-Nov-18",1.33815998964015,1.81960151393187
"1036","5-Nov-18",1.33815998964015,1.81960151393187
"1040","6-Nov-18",1.33815998964015,1.81960151393187
"1041","7-Nov-18",1.33815998964015,1.76349489238687
"1042","8-Nov-18",1.33815998964015,1.76349489238687
"1043","9-Nov-18",1.38385473221849,4.29179874905523
"1044","12-Nov-18",1.38385473221849,4.29179874905523
"1047","13-Nov-18",1.40752760022786,4.29179874905523
"1048","14-Nov-18",1.41779569397619,2.17820456106685
"1049","15-Nov-18",1.41779569397619,2.17820456106685
"1050","16-Nov-18",1.47055078164209,2.17820456106685
"1051","20-Nov-18",1.47055078164209,2.17820456106685
"1055","21-Nov-18",1.47055078164209,2.17820456106685
"1056","22-Nov-18",1.47055078164209,2.17820456106685
"1057","23-Nov-18",1.47055078164209,2.17820456106685
"1058","26-Nov-18",1.47055078164209,2.17820456106685
"1061","27-Nov-18",1.62330487461874,4.26284201802802
"1062","28-Nov-18",1.62330487461874,4.26284201802802
"1063","29-Nov-18",1.62330487461874,4.26284201802802
"1064","30-Nov-18",1.62330487461874,4.26284201802802
"1065","3-Dec-18",1.62330487461874,4.26284201802802
"1068","4-Dec-18",1.62330487461874,4.26284201802802
"1069","5-Dec-18",1.62330487461874,4.26284201802802
"1070","6-Dec-18",1.62330487461874,4.26284201802802
"1071","7-Dec-18",1.62330487461874,4.26284201802802
"1072","10-Dec-18",1.62330487461874,4.26284201802802
"1075","11-Dec-18",1.62330487461874,4.26284201802802
"1076","13-Dec-18",1.62330487461874,2.17820456106685
"1078","14-Dec-18",1.62330487461874,2.17820456106685
"1079","17-Dec-18",1.62330487461874,2.17820456106685
"1082","18-Dec-18",1.78015237584702,2.38009546983031
"1083","19-Dec-18",1.78015237584702,2.38009546983031
"1084","20-Dec-18",1.78015237584702,2.38009546983031
"1085","21-Dec-18",1.78015237584702,2.38009546983031
"1086","24-Dec-18",1.78015237584702,2.38009546983031
"1089","26-Dec-18",1.78015237584702,2.38009546983031
"1091","27-Dec-18",1.78015237584702,2.38009546983031
"1092","28-Dec-18",1.78015237584702,2.38009546983031
"1093","31-Dec-18",1.78015237584702,2.38009546983031
"1096","2-Jan-19",1.78015237584702,2.38009546983031
"1098","3-Jan-19",1.78015237584702,2.38009546983031
"1099","4-Jan-19",1.78015237584702,2.38009546983031
"1100","7-Jan-19",1.78015237584702,2.38009546983031
"1103","8-Jan-19",1.78015237584702,2.38009546983031
"1104","9-Jan-19",1.78015237584702,2.17820456106685
"1105","10-Jan-19",1.78015237584702,2.17820456106685
"1106","11-Jan-19",1.78015237584702,2.17820456106685
"1107","14-Jan-19",1.62330487461874,2.17820456106685
"1110","15-Jan-19",1.62330487461874,2.17820456106685
"1111","16-Jan-19",1.62330487461874,2.17820456106685
"1112","17-Jan-19",1.62330487461874,2.13219856582808
"1113","18-Jan-19",1.62330487461874,2.13219856582808
"1114","21-Jan-19",1.62330487461874,2.13219856582808
"1117","22-Jan-19",1.62330487461874,2.13219856582808
"1118","23-Jan-19",1.62330487461874,2.13219856582808
"1119","24-Jan-19",1.62330487461874,2.13219856582808
"1120","25-Jan-19",1.62330487461874,2.07324843397161
"1121","28-Jan-19",1.62330487461874,2.07324843397161
"1124","29-Jan-19",1.62330487461874,2.07324843397161
"1125","30-Jan-19",1.62330487461874,2.07324843397161
"1126","31-Jan-19",1.62330487461874,1.81960151393187
"1127","1-Feb-19",1.62330487461874,1.81960151393187
"1128","5-Feb-19",1.62330487461874,1.76349489238687
"1132","6-Feb-19",1.62330487461874,1.30337869583155
"1133","7-Feb-19",1.62330487461874,1.30337869583155
"1134","8-Feb-19",1.47055078164209,1.24091189828972
"1135","11-Feb-19",1.47055078164209,1.24091189828972
"1138","12-Feb-19",1.40154437653023,1.24091189828972
"1139","13-Feb-19",1.40154437653023,1.24091189828972
"1140","14-Feb-19",1.47055078164209,1.94327166498985
"1141","15-Feb-19",1.47055078164209,1.94327166498985
"1142","18-Feb-19",1.47055078164209,1.94327166498985
"1145","19-Feb-19",1.47055078164209,1.94327166498985
"1146","20-Feb-19",1.47055078164209,1.94327166498985
"1147","21-Feb-19",1.47055078164209,1.94327166498985
"1148","22-Feb-19",1.47055078164209,1.94327166498985
"1149","25-Feb-19",1.47055078164209,1.94327166498985
"1152","26-Feb-19",1.47055078164209,1.94327166498985
"1153","27-Feb-19",1.47055078164209,1.94327166498985
"1154","28-Feb-19",1.47055078164209,1.81960151393187
"1155","1-Mar-19",1.47055078164209,1.81960151393187
"1156","4-Mar-19",1.47055078164209,1.30337869583155
"1159","5-Mar-19",1.47055078164209,1.24091189828972
"1160","6-Mar-19",1.47055078164209,1.24091189828972
"1161","7-Mar-19",1.47055078164209,1.24091189828972
"1162","8-Mar-19",1.47055078164209,1.23542039390638
"1163","11-Mar-19",1.47055078164209,1.23542039390638
"1166","12-Mar-19",1.47055078164209,1.23542039390638
"1167","13-Mar-19",1.47055078164209,1.20792223340586
"1168","14-Mar-19",1.47055078164209,1.13167774934114
"1169","15-Mar-19",1.47055078164209,1.13167774934114
"1170","19-Mar-19",1.47055078164209,1.13167774934114
"1174","20-Mar-19",1.47055078164209,1.13167774934114
"1175","21-Mar-19",1.47055078164209,1.13167774934114
"1176","22-Mar-19",1.47055078164209,1.13167774934114
"1177","25-Mar-19",1.62330487461874,1.94327166498985
"1180","26-Mar-19",1.62330487461874,1.94327166498985
"1181","27-Mar-19",1.47055078164209,1.94327166498985
"1182","28-Mar-19",1.47055078164209,1.94327166498985
"1183","29-Mar-19",1.47055078164209,1.94327166498985
"1184","1-Apr-19",1.43267878781511,1.94327166498985
"1187","2-Apr-19",1.43267878781511,1.94327166498985
"1188","3-Apr-19",1.43267878781511,1.76349489238687
"1189","4-Apr-19",1.43267878781511,1.24091189828972
"1190","5-Apr-19",1.43267878781511,1.23542039390638
"1191","8-Apr-19",1.43267878781511,1.23542039390638
"1194","9-Apr-19",1.43267878781511,1.22862930265268
"1195","10-Apr-19",1.43267878781511,1.13167774934114
"1196","11-Apr-19",1.43267878781511,1.13167774934114
"1197","12-Apr-19",1.43267878781511,1.13167774934114
"1198","15-Apr-19",1.43267878781511,1.13167774934114
"1201","16-Apr-19",1.43267878781511,1.13167774934114
"1202","17-Apr-19",1.43267878781511,1.13167774934114
"1203","22-Apr-19",1.43267878781511,1.13167774934114
"1208","23-Apr-19",1.43267878781511,1.13167774934114
"1209","24-Apr-19",1.43267878781511,1.11409865056215
"1210","25-Apr-19",1.43267878781511,1.09989389752383
"1211","26-Apr-19",1.43267878781511,1.09150471999875
"1212","29-Apr-19",1.43267878781511,1.09150471999875
"1215","30-Apr-19",1.43267878781511,1.09150471999875
"1216","2-May-19",1.43267878781511,1.09150471999875
"1218","3-May-19",1.43267878781511,1.04999895918388
"1219","6-May-19",1.43267878781511,1.02322187593539
"1222","7-May-19",1.33815998964015,1.02322187593539
"1223","8-May-19",1.33815998964015,1.21576922161409
"1224","9-May-19",1.33815998964015,1.21576922161409
"1225","10-May-19",1.33815998964015,1.21576922161409
"1226","13-May-19",1.33815998964015,1.21576922161409
"1229","14-May-19",1.33815998964015,1.21576922161409
"1230","15-May-19",1.33815998964015,1.21576922161409
"1231","16-May-19",1.33815998964015,1.13167774934114
"1232","17-May-19",1.33815998964015,1.13167774934114
"1233","20-May-19",1.33815998964015,1.13167774934114
"1236","21-May-19",1.30710184613666,1.13167774934114
"1237","22-May-19",1.30710184613666,1.11409865056215
"1238","23-May-19",1.30710184613666,1.09150471999875
"1239","24-May-19",1.30710184613666,1.09150471999875
"1240","27-May-19",1.30710184613666,1.07039620109584
"1243","28-May-19",1.30710184613666,1.02322187593539
"1244","29-May-19",1.30710184613666,1.02322187593539
"1245","30-May-19",1.30710184613666,1.02322187593539
"1246","31-May-19",1.30710184613666,0.802670408919704
"1247","3-Jun-19",1.34514156237335,1.21576922161409
"1250","4-Jun-19",1.34514156237335,1.21576922161409
"1251","5-Jun-19",1.34514156237335,1.21576922161409
"1252","6-Jun-19",1.34514156237335,1.21576922161409
"1253","7-Jun-19",1.34514156237335,1.21576922161409
"1254","10-Jun-19",1.34514156237335,1.21576922161409
"1257","11-Jun-19",1.34514156237335,1.21576922161409
"1258","12-Jun-19",1.34514156237335,1.21576922161409
"1259","13-Jun-19",1.34514156237335,1.21576922161409
"1260","14-Jun-19",1.34514156237335,1.13167774934114
"1261","17-Jun-19",1.34514156237335,1.13167774934114
"1264","18-Jun-19",1.34514156237335,1.09989389752383
"1265","19-Jun-19",1.34514156237335,1.09150471999875
"1266","20-Jun-19",1.34514156237335,1.02322187593539
"1267","21-Jun-19",1.34514156237335,1.02322187593539
"1268","24-Jun-19",1.34514156237335,0.814077533836759
"1271","25-Jun-19",1.34514156237335,0.814077533836759
"1272","26-Jun-19",1.34514156237335,0.814077533836759
"1273","27-Jun-19",1.34514156237335,0.814077533836759
"1274","28-Jun-19",1.34514156237335,1.09179691835521
"1275","1-Jul-19",1.34514156237335,1.09179691835521
"1278","2-Jul-19",1.34514156237335,1.09179691835521
"1279","3-Jul-19",1.34514156237335,1.09179691835521
"1280","4-Jul-19",1.30710184613666,1.09179691835521
"1281","5-Jul-19",1.30710184613666,1.09179691835521
"1282","8-Jul-19",1.30710184613666,1.09179691835521
"1285","9-Jul-19",1.30710184613666,1.09179691835521
"1286","10-Jul-19",1.34514156237335,1.24091189828972
"1287","11-Jul-19",1.34514156237335,1.21576922161409
"1288","12-Jul-19",1.34514156237335,1.21576922161409
"1289","15-Jul-19",1.34514156237335,1.21576922161409
"1292","16-Jul-19",1.34514156237335,1.21576922161409
"1293","17-Jul-19",1.34514156237335,1.20792223340586
"1294","18-Jul-19",1.34514156237335,1.13167774934114
"1295","19-Jul-19",1.55591274478416,1.78329008006745
"1296","22-Jul-19",1.55591274478416,1.78329008006745
"1299","23-Jul-19",1.55591274478416,1.78329008006745
"1300","24-Jul-19",1.55591274478416,1.78329008006745
"1301","25-Jul-19",1.55591274478416,1.78329008006745
"1302","26-Jul-19",1.55591274478416,1.78329008006745
"1303","29-Jul-19",1.55591274478416,1.38607280583649
"1306","30-Jul-19",1.55591274478416,1.38607280583649
"1307","31-Jul-19",1.55591274478416,1.38607280583649
"1308","1-Aug-19",1.55591274478416,1.38607280583649
"1309","2-Aug-19",1.55591274478416,1.38607280583649
"1310","5-Aug-19",1.55591274478416,1.38607280583649
"1313","6-Aug-19",1.55591274478416,1.27151251131572
"1314","7-Aug-19",1.55591274478416,1.27151251131572
"1315","8-Aug-19",1.55591274478416,1.27151251131572
"1316","9-Aug-19",1.55591274478416,1.27151251131572
"1317","12-Aug-19",1.55591274478416,1.27151251131572
"1320","13-Aug-19",1.57477126948584,1.42036103256683
"1321","14-Aug-19",1.40150250786515,1.42036103256683
"1322","15-Aug-19",1.58367910394211,1.78329008006745
"1323","16-Aug-19",1.58367910394211,1.78329008006745
"1324","19-Aug-19",1.58367910394211,1.78329008006745
"1327","20-Aug-19",1.58367910394211,1.78329008006745
"1328","21-Aug-19",1.58367910394211,1.78329008006745
"1329","22-Aug-19",1.58367910394211,1.78329008006745
"1330","23-Aug-19",1.58367910394211,1.78329008006745
"1331","26-Aug-19",1.58367910394211,1.78329008006745
"1334","27-Aug-19",1.58367910394211,1.42036103256683
"1335","28-Aug-19",1.58367910394211,1.42036103256683
"1336","29-Aug-19",1.58367910394211,1.42036103256683
"1337","30-Aug-19",1.58367910394211,1.42036103256683
"1338","2-Sep-19",1.58367910394211,1.42036103256683
"1341","3-Sep-19",1.58367910394211,1.42036103256683
"1342","4-Sep-19",1.58367910394211,1.42036103256683
"1343","5-Sep-19",1.58367910394211,1.42036103256683
"1344","6-Sep-19",1.58367910394211,1.42036103256683
"1345","9-Sep-19",1.58367910394211,1.42036103256683
"1348","10-Sep-19",1.58367910394211,1.42036103256683
"1349","11-Sep-19",1.58367910394211,1.42036103256683
"1350","12-Sep-19",1.58367910394211,1.38607280583649
"1351","13-Sep-19",1.58367910394211,1.38607280583649
"1352","17-Sep-19",1.58367910394211,1.27151251131572
"1356","18-Sep-19",1.58367910394211,1.27151251131572
"1357","19-Sep-19",1.58367910394211,1.27151251131572
"1358","20-Sep-19",1.58367910394211,1.27151251131572
"1359","23-Sep-19",1.58367910394211,1.27151251131572
"1362","24-Sep-19",1.58367910394211,1.27151251131572
"1363","25-Sep-19",1.58367910394211,1.27151251131572
"1364","26-Sep-19",1.58367910394211,1.21576922161409
"1365","27-Sep-19",1.58367910394211,1.21390743381276
"1366","30-Sep-19",1.58367910394211,1.21390743381276
"1369","1-Oct-19",1.58367910394211,1.21390743381276
"1370","2-Oct-19",1.58367910394211,1.21390743381276
"1371","3-Oct-19",1.72510133282564,1.67749235780961
"1372","4-Oct-19",1.72510133282564,1.67749235780961
"1373","7-Oct-19",1.72510133282564,1.42036103256683
"1376","8-Oct-19",1.72510133282564,1.42036103256683
"1377","9-Oct-19",1.72510133282564,1.42036103256683
"1378","10-Oct-19",1.72510133282564,1.42036103256683
"1379","11-Oct-19",1.72510133282564,1.42036103256683
"1380","14-Oct-19",1.72510133282564,1.42036103256683
"1383","15-Oct-19",1.72510133282564,1.38607280583649
"1384","16-Oct-19",1.72510133282564,1.27151251131572
"1385","17-Oct-19",1.72510133282564,1.27151251131572
"1386","18-Oct-19",1.72510133282564,1.27151251131572
"1387","21-Oct-19",1.72510133282564,1.27151251131572
"1390","22-Oct-19",1.72510133282564,1.21390743381276
"1391","23-Oct-19",1.53607012892608,1.21390743381276
"1392","24-Oct-19",1.53607012892608,1.21390743381276
"1393","25-Oct-19",1.53607012892608,1.21390743381276
"1394","28-Oct-19",1.53607012892608,1.21390743381276
"1397","29-Oct-19",1.53607012892608,1.21390743381276
"1398","30-Oct-19",1.53607012892608,1.21390743381276
"1399","31-Oct-19",1.53607012892608,1.19639673842147
"1400","1-Nov-19",1.40150250786515,1.19639673842147
"1401","4-Nov-19",1.40150250786515,1.19639673842147
"1404","5-Nov-19",1.40150250786515,1.09179691835521
"1405","6-Nov-19",1.40150250786515,1.07588014108265
"1406","7-Nov-19",1.40150250786515,1.07588014108265
"1407","8-Nov-19",1.40150250786515,1.07588014108265
"1408","11-Nov-19",1.40150250786515,1.07588014108265
"1411","12-Nov-19",1.32306464385007,1.07588014108265
"1412","13-Nov-19",1.32306464385007,1.14153654519379
"1413","14-Nov-19",1.25468217415142,1.14153654519379
"1414","15-Nov-19",1.23789157087888,1.14153654519379
"1415","19-Nov-19",1.23789157087888,1.14153654519379
"1419","20-Nov-19",1.22461224914562,1.14153654519379
"1420","21-Nov-19",1.22461224914562,1.14153654519379
"1421","22-Nov-19",1.21474523832336,1.14153654519379
"1422","25-Nov-19",1.21474523832336,1.14153654519379
"1425","26-Nov-19",1.21474523832336,1.14153654519379
"1426","27-Nov-19",1.22461224914562,1.38607280583649
"1427","28-Nov-19",1.21474523832336,1.27151251131572
"1428","29-Nov-19",1.21474523832336,1.21576922161409
"1429","2-Dec-19",1.21474523832336,1.21390743381276
"1432","3-Dec-19",1.21474523832336,1.21390743381276
"1433","4-Dec-19",1.21474523832336,1.19639673842147
"1434","5-Dec-19",1.21474523832336,1.19639673842147
"1435","6-Dec-19",1.21474523832336,1.14153654519379
"1436","9-Dec-19",1.21474523832336,1.14153654519379
"1439","10-Dec-19",1.21474523832336,1.14153654519379
"1440","11-Dec-19",1.21474523832336,1.14153654519379
"1441","13-Dec-19",1.20427655134755,1.14153654519379
"1443","16-Dec-19",1.20427655134755,1.14153654519379
"1446","17-Dec-19",1.20427655134755,1.14153654519379
"1447","18-Dec-19",1.20427655134755,1.14153654519379
"1448","19-Dec-19",1.16622363214625,1.14153654519379
"1449","20-Dec-19",1.16622363214625,1.14153654519379
"1450","23-Dec-19",1.16622363214625,1.09179691835521
"1453","24-Dec-19",1.16622363214625,1.07588014108265
"1454","26-Dec-19",1.16622363214625,1.07588014108265
"1456","27-Dec-19",1.16622363214625,1.07588014108265
"1457","30-Dec-19",1.16622363214625,1.07588014108265
"1460","31-Dec-19",1.20427655134755,1.37408199044463
"1461","2-Jan-20",1.20427655134755,1.37408199044463
"1463","3-Jan-20",1.20427655134755,1.37408199044463
"1464","6-Jan-20",1.20427655134755,1.37408199044463
"1467","7-Jan-20",1.20427655134755,1.27151251131572
"1468","8-Jan-20",1.20427655134755,1.21390743381276
"1469","9-Jan-20",1.20427655134755,1.19639673842147
"1470","10-Jan-20",1.20427655134755,1.14153654519379
"1471","13-Jan-20",1.20427655134755,1.14153654519379
"1474","14-Jan-20",1.20427655134755,1.14153654519379
"1475","15-Jan-20",1.20427655134755,1.14153654519379
"1476","16-Jan-20",1.20427655134755,1.14153654519379
"1477","17-Jan-20",1.20427655134755,1.14153654519379
"1478","20-Jan-20",1.20427655134755,1.07588014108265
"1481","21-Jan-20",1.20427655134755,1.07588014108265
"1482","22-Jan-20",1.20427655134755,1.01801633495446
"1483","23-Jan-20",1.20427655134755,1.01801633495446
"1484","24-Jan-20",1.20427655134755,1.01801633495446
"1485","27-Jan-20",1.20427655134755,1.01801633495446
"1488","28-Jan-20",1.21474523832336,1.37408199044463
"1489","29-Jan-20",1.21474523832336,1.37408199044463
"1490","30-Jan-20",1.21474523832336,1.37408199044463
"1491","31-Jan-20",1.21474523832336,1.37408199044463
"1492","4-Feb-20",1.24085370197982,1.6959851867905
"1496","5-Feb-20",1.24085370197982,1.6959851867905
"1497","6-Feb-20",1.24085370197982,1.6959851867905
"1498","7-Feb-20",1.24085370197982,1.6959851867905
"1499","10-Feb-20",1.24085370197982,1.6959851867905
"1502","11-Feb-20",1.24085370197982,1.6959851867905
"1503","12-Feb-20",1.24085370197982,1.67749235780961
"1504","13-Feb-20",1.24085370197982,1.58070196068955
"1505","14-Feb-20",1.24085370197982,1.58070196068955
"1506","17-Feb-20",1.21474523832336,1.58070196068955
"1509","18-Feb-20",1.21474523832336,1.58070196068955
"1510","19-Feb-20",1.21474523832336,1.37408199044463
"1511","20-Feb-20",1.21474523832336,1.37408199044463
"1512","21-Feb-20",1.21474523832336,1.37408199044463
"1513","24-Feb-20",1.21474523832336,1.37408199044463
"1516","25-Feb-20",1.24085370197982,1.6959851867905
"1517","26-Feb-20",1.31766877692373,1.77844119753105
"1518","27-Feb-20",1.31766877692373,1.77844119753105
"1519","28-Feb-20",1.37947785737097,2.22185448605753
"1520","2-Mar-20",1.37947785737097,2.22185448605753
"1523","3-Mar-20",1.37947785737097,2.22185448605753
"1524","4-Mar-20",1.37947785737097,2.22185448605753
"1525","5-Mar-20",1.37947785737097,2.22185448605753
"1526","6-Mar-20",1.40150250786515,2.47220683189521
"1527","9-Mar-20",1.49251445022205,2.47220683189521
"1530","10-Mar-20",1.62425763939358,2.67930905015442
"1531","11-Mar-20",1.62425763939358,2.67930905015442
"1532","12-Mar-20",1.68581413085101,2.67930905015442
"1533","13-Mar-20",1.73309039162374,5.42347125614076
"1534","17-Mar-20",1.73309039162374,5.42347125614076
"1538","18-Mar-20",1.78062319467243,5.42347125614076
"1539","19-Mar-20",1.93284999800043,5.42347125614076
"1540","20-Mar-20",1.93284999800043,5.42347125614076
"1541","23-Mar-20",2.16173370949892,3.6749472576428
"1544","24-Mar-20",2.21976960898305,3.88333067380765
"1545","25-Mar-20",2.16173370949892,3.88333067380765
"1546","26-Mar-20",2.16173370949892,3.88333067380765
"1547","27-Mar-20",2.16173370949892,3.88333067380765
"1548","30-Mar-20",2.21976960898305,5.48889918491906
"1551","31-Mar-20",2.21976960898305,5.42347125614076
"1552","1-Apr-20",2.21976960898305,5.42347125614076
"1553","2-Apr-20",2.23746125492036,5.42347125614076
"1554","3-Apr-20",2.23746125492036,5.42347125614076
"1555","6-Apr-20",2.23746125492036,5.42347125614076
"1558","7-Apr-20",2.23746125492036,5.42347125614076
"1559","8-Apr-20",2.23746125492036,5.42347125614076
"1560","13-Apr-20",2.23746125492036,5.42347125614076
"1565","14-Apr-20",2.23746125492036,5.42347125614076
"1566","15-Apr-20",2.23746125492036,5.42347125614076
"1567","16-Apr-20",2.26128212792681,5.42347125614076
"1568","17-Apr-20",2.26128212792681,5.42347125614076
"1569","20-Apr-20",2.26128212792681,3.88333067380765
"1572","21-Apr-20",2.26128212792681,3.88333067380765
"1573","22-Apr-20",2.26128212792681,3.88333067380765
"1574","23-Apr-20",2.26128212792681,3.88333067380765
"1575","24-Apr-20",2.26128212792681,3.88333067380765
"1576","27-Apr-20",2.26128212792681,3.88333067380765
"1579","28-Apr-20",2.26128212792681,3.88333067380765
"1580","29-Apr-20",2.26128212792681,3.88333067380765
"1581","30-Apr-20",2.26128212792681,3.88333067380765
"1582","4-May-20",2.26128212792681,3.88333067380765
"1586","5-May-20",2.26128212792681,3.6749472576428
"1587","6-May-20",2.26128212792681,3.6749472576428
"1588","7-May-20",2.26128212792681,3.6749472576428
"1589","8-May-20",2.26128212792681,3.6749472576428
"1590","11-May-20",2.26128212792681,3.6749472576428
"1593","12-May-20",2.26128212792681,3.6749472576428
"1594","13-May-20",2.26128212792681,3.6749472576428
"1595","14-May-20",2.27457014851247,3.26178191122788
"1596","15-May-20",2.27457014851247,3.26178191122788
"1597","18-May-20",2.27457014851247,3.26178191122788
"1600","19-May-20",2.27457014851247,3.26178191122788
"1601","20-May-20",2.36853987653789,3.42734078290124
"1602","21-May-20",2.36853987653789,3.42734078290124
"1603","22-May-20",2.36853987653789,3.42734078290124
"1604","25-May-20",2.36853987653789,3.42734078290124
"1607","26-May-20",2.36853987653789,3.42734078290124
"1608","27-May-20",2.36853987653789,3.42734078290124
"1609","28-May-20",2.36853987653789,3.42734078290124
"1610","29-May-20",2.36853987653789,3.42734078290124
"1611","1-Jun-20",2.36853987653789,3.42734078290124
"1614","2-Jun-20",2.36853987653789,3.42734078290124
"1615","3-Jun-20",2.36853987653789,3.42734078290124
"1616","4-Jun-20",2.36853987653789,3.42734078290124
"1617","5-Jun-20",2.36853987653789,3.42734078290124
"1618","8-Jun-20",2.36853987653789,3.26178191122788
"1621","9-Jun-20",2.36853987653789,3.26178191122788
"1622","10-Jun-20",2.36853987653789,3.26178191122788
"1623","11-Jun-20",2.41841994104731,3.26178191122788
"1624","12-Jun-20",2.49314409988156,3.83256915010766
"1625","15-Jun-20",2.49314409988156,3.6749472576428
"1628","16-Jun-20",2.49314409988156,3.6749472576428
"1629","17-Jun-20",2.49314409988156,3.6749472576428
"1630","18-Jun-20",2.49314409988156,3.42734078290124
"1631","19-Jun-20",2.49314409988156,3.42734078290124
"1632","22-Jun-20",2.49314409988156,3.42734078290124
"1635","23-Jun-20",2.49314409988156,3.42734078290124
"1636","24-Jun-20",2.49314409988156,3.42734078290124
"1637","25-Jun-20",2.49314409988156,3.42734078290124
"1638","26-Jun-20",2.49314409988156,3.42734078290124
"1639","29-Jun-20",2.49314409988156,3.42734078290124
"1642","30-Jun-20",2.49314409988156,3.42734078290124
"1643","1-Jul-20",2.49314409988156,3.26178191122788
"1644","2-Jul-20",2.49314409988156,3.26178191122788
"1645","3-Jul-20",2.49314409988156,2.89307057759295
"1646","6-Jul-20",2.49314409988156,2.89307057759295
"1649","7-Jul-20",2.49314409988156,2.89307057759295
"1650","8-Jul-20",2.49314409988156,2.89307057759295
"1651","9-Jul-20",2.49314409988156,2.89307057759295
"1652","10-Jul-20",2.49314409988156,2.89307057759295
"1653","13-Jul-20",2.49314409988156,2.67930905015442
"1656","14-Jul-20",2.49314409988156,2.67930905015442
"1657","15-Jul-20",2.49314409988156,2.59818937535549
"1658","16-Jul-20",2.49314409988156,2.59818937535549
"1659","17-Jul-20",2.49314409988156,2.59818937535549
"1660","20-Jul-20",2.49314409988156,2.52817971755969
"1663","21-Jul-20",2.49314409988156,2.52817971755969
"1664","22-Jul-20",2.49314409988156,2.5187340940871
"1665","23-Jul-20",2.49314409988156,2.47220683189521
"1666","24-Jul-20",2.49314409988156,2.37441248489903
"1667","27-Jul-20",2.49314409988156,2.37441248489903
"1670","28-Jul-20",2.49314409988156,2.37441248489903
"1671","29-Jul-20",2.49314409988156,2.37441248489903
"1672","30-Jul-20",2.49314409988156,2.37441248489903
"1673","31-Jul-20",2.49314409988156,2.37441248489903
"1674","3-Aug-20",2.49314409988156,2.37441248489903
"1677","4-Aug-20",2.49314409988156,2.28372145851827
"1678","5-Aug-20",2.49314409988156,2.26708271305317
"1679","6-Aug-20",2.49314409988156,2.22185448605753
"1680","7-Aug-20",2.49314409988156,1.94181791015686
"1681","10-Aug-20",2.49314409988156,1.94181791015686
"1684","11-Aug-20",2.49314409988156,1.94181791015686
"1685","12-Aug-20",2.49314409988156,1.94181791015686
"1686","13-Aug-20",2.49314409988156,1.94181791015686
"1687","14-Aug-20",2.49314409988156,1.85231891199016
"1688","17-Aug-20",2.49314409988156,1.85231891199016
"1691","18-Aug-20",2.49314409988156,1.85231891199016
"1692","19-Aug-20",2.49314409988156,1.85231891199016
"1693","20-Aug-20",2.49314409988156,1.85231891199016
"1694","21-Aug-20",2.49314409988156,1.85231891199016
"1695","24-Aug-20",2.49314409988156,1.85231891199016
"1698","25-Aug-20",2.49314409988156,1.85231891199016
"1699","26-Aug-20",2.49314409988156,1.77844119753105
"1700","27-Aug-20",2.49314409988156,1.71069154999873
"1701","28-Aug-20",2.49314409988156,1.59202644896164
"1702","31-Aug-20",2.49314409988156,1.59202644896164
"1705","1-Sep-20",2.52298462464977,2.52817971755969
"1706","2-Sep-20",2.52298462464977,2.47220683189521
"1707","3-Sep-20",2.52298462464977,2.37441248489903
"1708","4-Sep-20",2.52298462464977,2.37441248489903
"1709","7-Sep-20",2.52298462464977,2.37441248489903
"1712","8-Sep-20",2.52298462464977,2.26708271305317
"1713","9-Sep-20",2.52298462464977,1.94181791015686
"1714","10-Sep-20",2.52298462464977,1.94181791015686
"1715","11-Sep-20",2.52298462464977,1.94181791015686
"1716","14-Sep-20",2.52298462464977,1.85231891199016
"1719","15-Sep-20",2.52298462464977,1.85231891199016
"1720","17-Sep-20",2.52298462464977,1.85231891199016
"1722","18-Sep-20",2.52298462464977,1.85231891199016
"1723","21-Sep-20",2.52298462464977,1.77844119753105
"1726","22-Sep-20",2.52298462464977,1.69868229418489
"1727","23-Sep-20",2.52298462464977,1.69868229418489
"1728","24-Sep-20",2.52298462464977,1.69868229418489
"1729","25-Sep-20",2.52298462464977,1.69868229418489
"1730","28-Sep-20",2.52298462464977,1.69868229418489
"1733","29-Sep-20",2.52298462464977,1.69868229418489
"1734","30-Sep-20",2.52298462464977,1.69868229418489
"1735","1-Oct-20",2.52298462464977,1.69868229418489
"1736","2-Oct-20",2.52298462464977,2.24773517238973
"1737","5-Oct-20",2.52298462464977,2.24773517238973
"1740","6-Oct-20",2.52298462464977,2.24773517238973
"1741","7-Oct-20",2.52298462464977,2.24773517238973
"1742","8-Oct-20",2.52298462464977,2.24773517238973
"1743","9-Oct-20",2.52298462464977,2.24773517238973
"1744","12-Oct-20",2.52298462464977,2.24773517238973
"1747","13-Oct-20",2.52298462464977,1.94181791015686
"1748","14-Oct-20",2.52298462464977,1.85231891199016
"1749","15-Oct-20",2.52298462464977,1.85231891199016
"1750","16-Oct-20",2.52298462464977,1.85231891199016
"1751","19-Oct-20",2.52298462464977,1.69868229418489
"1754","20-Oct-20",2.52298462464977,1.69868229418489
"1755","21-Oct-20",2.52298462464977,1.69868229418489
"1756","22-Oct-20",2.52298462464977,1.69868229418489
"1757","23-Oct-20",2.52298462464977,1.69868229418489
"1758","26-Oct-20",2.52298462464977,1.69868229418489
"1761","27-Oct-20",2.52298462464977,1.69868229418489
"1762","28-Oct-20",2.52298462464977,1.64217092788865
"1763","29-Oct-20",2.52298462464977,1.64217092788865
"1764","30-Oct-20",2.52298462464977,1.64217092788865
"1765","3-Nov-20",2.52298462464977,1.64217092788865
"1769","4-Nov-20",2.52298462464977,1.64217092788865
"1770","5-Nov-20",2.52298462464977,1.64217092788865
"1771","6-Nov-20",2.52298462464977,1.64217092788865
"1772","9-Nov-20",2.52298462464977,1.64217092788865
"1775","10-Nov-20",2.52298462464977,1.61181243582359
"1776","11-Nov-20",2.52298462464977,1.61181243582359
"1777","12-Nov-20",2.52298462464977,1.61181243582359
"1778","13-Nov-20",2.52298462464977,1.61181243582359
"1779","17-Nov-20",2.52298462464977,1.61181243582359
"1783","18-Nov-20",2.52298462464977,1.61181243582359
"1784","19-Nov-20",2.52298462464977,1.61181243582359
"1785","20-Nov-20",2.52298462464977,1.61181243582359
"1786","23-Nov-20",2.52298462464977,1.61181243582359
"1789","24-Nov-20",2.52298462464977,1.61181243582359
"1790","25-Nov-20",2.52298462464977,1.61181243582359
"1791","26-Nov-20",2.52298462464977,1.61181243582359
"1792","27-Nov-20",2.52298462464977,1.61181243582359
"1793","30-Nov-20",2.52298462464977,1.75577909163393
"1796","1-Dec-20",2.52298462464977,1.69868229418489
"1797","2-Dec-20",2.52298462464977,1.69868229418489
"1798","3-Dec-20",2.52298462464977,1.69868229418489
"1799","4-Dec-20",2.52298462464977,1.64217092788865
"1800","7-Dec-20",2.52298462464977,1.64217092788865
"1803","8-Dec-20",2.52298462464977,1.64217092788865
"1804","9-Dec-20",2.52298462464977,1.64217092788865
"1805","10-Dec-20",2.52298462464977,1.61181243582359
"1806","11-Dec-20",2.52298462464977,1.61181243582359
"1807","14-Dec-20",2.52298462464977,1.61181243582359
"1810","15-Dec-20",2.52298462464977,1.61181243582359
"1811","16-Dec-20",2.52298462464977,1.61181243582359
"1812","17-Dec-20",2.52298462464977,1.61181243582359
"1813","18-Dec-20",2.52298462464977,1.61181243582359
"1814","21-Dec-20",2.52298462464977,1.61181243582359
"1817","22-Dec-20",2.52298462464977,1.59674357153562
"1818","23-Dec-20",2.52298462464977,1.59674357153562
"1819","24-Dec-20",2.52298462464977,1.59674357153562
"1820","28-Dec-20",2.52298462464977,1.59674357153562
"1824","29-Dec-20",2.52298462464977,1.59674357153562
"1825","30-Dec-20",2.52298462464977,1.59674357153562
"1826","31-Dec-20",2.52298462464977,1.59202644896164
"1827","4-Jan-21",2.52298462464977,1.56048736812848
"1831","5-Jan-21",2.52298462464977,1.55698020500808
"1832","6-Jan-21",2.52298462464977,1.55698020500808
"1833","7-Jan-21",2.52298462464977,1.50158998677411
"1834","8-Jan-21",2.52298462464977,1.50158998677411
"1835","11-Jan-21",2.52298462464977,1.50158998677411
"1838","12-Jan-21",2.52298462464977,1.50158998677411
"1839","13-Jan-21",2.52298462464977,1.50158998677411
"1840","14-Jan-21",2.52298462464977,1.50158998677411
"1841","15-Jan-21",2.52298462464977,1.50158998677411
"1842","18-Jan-21",2.52298462464977,1.50158998677411
"1845","19-Jan-21",2.52298462464977,1.50158998677411
"1846","20-Jan-21",2.52298462464977,1.64217092788865
"1847","21-Jan-21",2.52298462464977,1.64217092788865
"1848","22-Jan-21",2.52298462464977,1.61181243582359
"1849","25-Jan-21",2.52298462464977,1.61181243582359
"1852","26-Jan-21",2.52298462464977,1.61181243582359
"1853","27-Jan-21",2.52298462464977,1.59674357153562
"1854","28-Jan-21",2.52298462464977,1.77252571819792
"1855","29-Jan-21",2.52298462464977,1.77252571819792
"1856","2-Feb-21",2.54038150662635,2.09376673815262
"1860","3-Feb-21",2.54038150662635,2.09376673815262
"1861","4-Feb-21",2.54038150662635,2.09376673815262
"1862","5-Feb-21",2.54038150662635,2.09376673815262
"1863","8-Feb-21",2.54038150662635,2.09376673815262
"1866","9-Feb-21",2.54038150662635,2.09376673815262
"1867","10-Feb-21",2.54038150662635,1.77252571819792
"1868","11-Feb-21",2.54038150662635,1.77252571819792
"1869","12-Feb-21",2.54038150662635,1.77252571819792
"1870","15-Feb-21",2.54038150662635,1.77252571819792
"1873","16-Feb-21",2.54038150662635,1.77252571819792
"1874","17-Feb-21",2.54038150662635,1.77252571819792
"1875","18-Feb-21",2.54038150662635,1.77252571819792
"1876","19-Feb-21",2.54038150662635,1.77252571819792
"1877","22-Feb-21",2.54038150662635,1.77252571819792
"1880","23-Feb-21",2.54038150662635,1.77252571819792
"1881","24-Feb-21",2.54038150662635,1.77252571819792
"1882","25-Feb-21",2.54038150662635,1.77252571819792
"1883","26-Feb-21",2.54038150662635,1.88043655544871
"1884","1-Mar-21",2.54038150662635,1.88043655544871
"1887","2-Mar-21",2.52298462464977,1.88043655544871
"1888","3-Mar-21",2.52298462464977,1.88043655544871
"1889","4-Mar-21",2.52298462464977,1.88043655544871
"1890","5-Mar-21",2.52298462464977,1.88043655544871
"1891","8-Mar-21",2.52298462464977,1.88043655544871
"1894","9-Mar-21",2.52298462464977,1.88043655544871
"1895","10-Mar-21",2.52298462464977,1.88043655544871
"1896","11-Mar-21",2.43935720903366,1.77252571819792
"1897","12-Mar-21",2.43935720903366,1.77252571819792
"1898","16-Mar-21",2.43935720903366,1.77252571819792
"1902","17-Mar-21",2.30473996301891,1.77252571819792
"1903","18-Mar-21",2.30473996301891,1.77252571819792
"1904","19-Mar-21",2.16305253355931,1.77252571819792
"1905","22-Mar-21",2.01019488275495,1.77252571819792
"1908","23-Mar-21",2.01019488275495,1.75577909163393
"1909","24-Mar-21",1.90805816506738,1.75577909163393
"1910","25-Mar-21",1.86497185154651,1.64217092788865
"1911","26-Mar-21",1.86497185154651,1.61181243582359
"1912","29-Mar-21",1.86497185154651,1.59674357153562
"1915","30-Mar-21",1.86497185154651,1.50158998677411
"1916","31-Mar-21",1.80843265540442,1.50158998677411
"1917","5-Apr-21",1.80843265540442,1.50158998677411
"1922","6-Apr-21",1.80843265540442,1.48268644159121
"1923","7-Apr-21",1.76331507358772,1.48268644159121
"1924","8-Apr-21",1.76331507358772,1.48268644159121
"1925","9-Apr-21",1.76331507358772,1.48268644159121
"1926","12-Apr-21",1.76331507358772,1.48268644159121
"1929","13-Apr-21",1.76331507358772,1.48268644159121
"1930","14-Apr-21",1.76331507358772,1.44072657285715
"1931","15-Apr-21",1.76331507358772,1.44072657285715
"1932","16-Apr-21",1.76331507358772,1.41298895595459
"1933","19-Apr-21",1.73098094373457,1.41298895595459
"1936","20-Apr-21",1.73098094373457,1.41298895595459
"1937","21-Apr-21",1.73098094373457,1.3846385735037
"1938","22-Apr-21",1.73098094373457,1.3846385735037
"1939","23-Apr-21",1.72437585303695,1.3846385735037
"1940","26-Apr-21",1.72437585303695,1.3846385735037
"1943","27-Apr-21",1.72437585303695,1.3846385735037
"1944","28-Apr-21",1.72437585303695,1.3846385735037
"1945","29-Apr-21",1.72437585303695,1.3846385735037
"1946","30-Apr-21",1.72437585303695,1.3846385735037
"1947","3-May-21",1.76331507358772,1.77252571819792
"1950","4-May-21",1.76331507358772,1.77252571819792
"1951","5-May-21",1.76331507358772,1.64217092788865
"1952","6-May-21",1.76331507358772,1.59674357153562
"1953","7-May-21",1.76331507358772,1.50158998677411
"1954","10-May-21",1.76331507358772,1.48268644159121
"1957","11-May-21",1.76331507358772,1.48268644159121
"1958","12-May-21",1.76331507358772,1.48268644159121
"1959","13-May-21",1.79968113001761,1.83287107779723
"1960","14-May-21",1.76331507358772,1.83287107779723
"1961","17-May-21",1.76331507358772,1.83287107779723
"1964","18-May-21",1.76331507358772,1.83287107779723
"1965","19-May-21",1.76331507358772,1.83287107779723
"1966","20-May-21",1.72437585303695,1.83287107779723
"1967","21-May-21",1.72437585303695,1.83287107779723
"1968","24-May-21",1.72437585303695,1.83287107779723
"1971","25-May-21",1.72437585303695,1.83287107779723
"1972","26-May-21",1.72437585303695,1.83287107779723
"1973","27-May-21",1.72437585303695,1.77252571819792
"1974","28-May-21",1.72437585303695,1.77252571819792
"1975","31-May-21",1.72437585303695,1.61181243582359
"1978","1-Jun-21",1.72437585303695,1.50158998677411
"1979","2-Jun-21",1.72437585303695,1.48268644159121
"1980","3-Jun-21",1.72437585303695,1.48268644159121
"1981","4-Jun-21",1.72437585303695,1.41298895595459
"1982","7-Jun-21",1.72437585303695,1.3846385735037
"1985","8-Jun-21",1.72437585303695,1.3846385735037
"1986","9-Jun-21",1.72437585303695,1.3846385735037
"1987","10-Jun-21",1.66760104272196,1.3846385735037
"1988","11-Jun-21",1.62547375725287,1.3846385735037
"1989","14-Jun-21",1.6035245604652,1.35200965225573
"1992","15-Jun-21",1.6035245604652,1.35200965225573
"1993","16-Jun-21",1.6035245604652,1.35200965225573
"1994","17-Jun-21",1.6035245604652,1.35200965225573
"1995","18-Jun-21",1.6035245604652,1.35200965225573
"1996","21-Jun-21",1.6035245604652,1.35200965225573
"1999","22-Jun-21",1.6035245604652,1.2839994694546
"2000","23-Jun-21",1.6035245604652,1.2839994694546
"2001","24-Jun-21",1.6035245604652,1.2839994694546
"2002","25-Jun-21",1.6035245604652,1.2839994694546
"2003","28-Jun-21",1.6035245604652,1.2839994694546
"2006","29-Jun-21",1.6035245604652,1.2839994694546
"2007","30-Jun-21",1.6035245604652,1.2839994694546
"2008","1-Jul-21",1.6035245604652,1.2839994694546
"2009","2-Jul-21",1.6035245604652,1.2839994694546
"2010","5-Jul-21",1.6035245604652,1.2839994694546
"2013","6-Jul-21",1.6035245604652,1.23703847989494
"2014","7-Jul-21",1.6035245604652,1.20632496936918
"2015","8-Jul-21",1.6035245604652,1.20632496936918
"2016","9-Jul-21",1.6035245604652,1.16992453404094
"2017","12-Jul-21",1.59414915411993,1.16992453404094
"2020","13-Jul-21",1.59414915411993,1.16992453404094
"2021","14-Jul-21",1.59414915411993,1.15085313688693
"2022","15-Jul-21",1.59414915411993,1.15085313688693
"2023","16-Jul-21",1.59414915411993,1.09965783068926
"2024","19-Jul-21",1.59414915411993,1.09965783068926
"2027","20-Jul-21",1.6035245604652,1.3846385735037
"2028","21-Jul-21",1.6035245604652,1.3846385735037
"2029","22-Jul-21",1.6035245604652,1.35200965225573
"2030","23-Jul-21",1.6035245604652,1.35200965225573
"2031","26-Jul-21",1.6035245604652,1.30749436360345
"2034","27-Jul-21",1.6035245604652,1.2839994694546
"2035","28-Jul-21",1.6035245604652,1.2839994694546
"2036","29-Jul-21",1.6035245604652,1.2839994694546
"2037","30-Jul-21",1.6035245604652,1.2839994694546
"2038","2-Aug-21",1.6035245604652,1.49516574793436
"2041","3-Aug-21",1.6035245604652,1.49516574793436
"2042","4-Aug-21",1.6035245604652,1.49516574793436
"2043","5-Aug-21",1.6035245604652,1.49516574793436
"2044","6-Aug-21",1.6035245604652,1.49516574793436
"2045","9-Aug-21",1.6035245604652,1.49516574793436
"2048","10-Aug-21",1.6035245604652,1.49516574793436
"2049","11-Aug-21",1.6035245604652,1.49516574793436
"2050","12-Aug-21",1.6035245604652,1.49516574793436
"2051","13-Aug-21",1.6035245604652,1.49516574793436
"2052","16-Aug-21",1.6035245604652,1.3846385735037
"2055","17-Aug-21",1.6035245604652,1.35200965225573
"2056","18-Aug-21",1.6035245604652,1.35200965225573
"2057","19-Aug-21",1.6035245604652,1.2839994694546
"2058","20-Aug-21",1.62547375725287,1.72040177683663
"2059","23-Aug-21",1.62547375725287,1.72040177683663
"2062","24-Aug-21",1.62547375725287,1.64217092788865
"2063","25-Aug-21",1.62547375725287,1.49516574793436
"2064","26-Aug-21",1.62547375725287,1.49516574793436
"2065","27-Aug-21",1.62547375725287,1.49516574793436
"2066","30-Aug-21",1.62547375725287,1.49516574793436
"2069","31-Aug-21",1.62547375725287,1.49516574793436
"2070","1-Sep-21",1.6035245604652,1.49516574793436
"2071","2-Sep-21",1.62547375725287,1.72040177683663
"2072","3-Sep-21",1.62547375725287,1.72040177683663
"2073","6-Sep-21",1.6035245604652,1.72040177683663
"2076","7-Sep-21",1.6035245604652,1.72040177683663
"2077","8-Sep-21",1.6035245604652,1.72040177683663
"2078","9-Sep-21",1.6035245604652,1.72040177683663
"2079","10-Sep-21",1.6035245604652,1.72040177683663
"2080","13-Sep-21",1.6035245604652,1.72040177683663
"2083","14-Sep-21",1.6035245604652,1.72040177683663
"2084","15-Sep-21",1.6035245604652,1.72040177683663
"2085","17-Sep-21",1.6035245604652,1.72040177683663
"2087","20-Sep-21",1.6035245604652,1.72040177683663
"2090","21-Sep-21",1.6035245604652,1.7094515945094
"2091","22-Sep-21",1.6035245604652,1.7094515945094
"2092","23-Sep-21",1.6035245604652,1.7094515945094
"2093","24-Sep-21",1.6035245604652,1.7094515945094
"2094","27-Sep-21",1.6035245604652,1.7094515945094
"2097","28-Sep-21",1.6035245604652,1.7094515945094
"2098","29-Sep-21",1.6035245604652,1.7094515945094
"2099","30-Sep-21",1.6035245604652,1.7094515945094
"2100","1-Oct-21",1.6035245604652,1.7094515945094
"2101","4-Oct-21",1.54440909991679,1.7094515945094
"2104","5-Oct-21",1.54440909991679,1.7094515945094
"2105","6-Oct-21",1.54440909991679,1.7094515945094
"2106","7-Oct-21",1.54440909991679,1.7094515945094
"2107","8-Oct-21",1.54440909991679,1.7094515945094
"2108","11-Oct-21",1.54440909991679,1.7094515945094
"2111","12-Oct-21",1.54440909991679,1.49516574793436
"2112","13-Oct-21",1.54440909991679,1.49516574793436
"2113","14-Oct-21",1.54440909991679,1.49516574793436
"2114","15-Oct-21",1.54440909991679,1.49516574793436
"2115","18-Oct-21",1.54440909991679,1.47267639535937
"2118","19-Oct-21",1.54440909991679,1.47267639535937
"2119","20-Oct-21",1.54440909991679,1.47267639535937
"2120","21-Oct-21",1.54440909991679,1.47267639535937
"2121","22-Oct-21",1.54440909991679,1.47267639535937
"2122","25-Oct-21",1.54440909991679,1.47267639535937
"2125","26-Oct-21",1.54440909991679,1.47267639535937
"2126","27-Oct-21",1.54440909991679,1.47267639535937
"2127","28-Oct-21",1.54440909991679,1.47267639535937
"2128","29-Oct-21",1.49805665541225,1.47267639535937
"2129","1-Nov-21",1.48830212944562,1.31290105541389
"2132","3-Nov-21",1.48830212944562,1.31290105541389
"2134","4-Nov-21",1.48830212944562,1.31290105541389
"2135","5-Nov-21",1.48830212944562,1.31290105541389
"2136","8-Nov-21",1.48830212944562,1.31290105541389
"2139","9-Nov-21",1.48830212944562,1.31290105541389
"2140","10-Nov-21",1.48830212944562,1.31290105541389
"2141","11-Nov-21",1.48830212944562,1.31290105541389
"2142","12-Nov-21",1.48830212944562,1.31290105541389
"2143","16-Nov-21",1.48830212944562,1.2839994694546
"2147","17-Nov-21",1.48830212944562,1.09965783068926
"2148","18-Nov-21",1.48830212944562,1.03802420555344
"2149","19-Nov-21",1.48830212944562,1.0018006941627
"2150","22-Nov-21",1.48830212944562,0.967728311266512
"2153","23-Nov-21",1.48830212944562,0.946859203100791
"2154","24-Nov-21",1.48830212944562,0.946859203100791
"2155","25-Nov-21",1.48830212944562,0.946859203100791
"2156","26-Nov-21",1.48830212944562,0.946859203100791
"2157","29-Nov-21",1.49805665541225,1.49516574793436
"2160","30-Nov-21",1.48830212944562,1.47267639535937
"2161","1-Dec-21",1.48830212944562,1.47267639535937
"2162","2-Dec-21",1.48830212944562,1.47267639535937
"2163","3-Dec-21",1.48830212944562,1.47267639535937
"2164","6-Dec-21",1.48830212944562,1.47267639535937
"2167","7-Dec-21",1.48830212944562,1.31290105541389
"2168","8-Dec-21",1.48830212944562,1.31290105541389
"2169","9-Dec-21",1.48830212944562,1.31290105541389
"2170","10-Dec-21",1.48830212944562,1.31290105541389
"2171","13-Dec-21",1.48830212944562,1.2839994694546
"2174","14-Dec-21",1.49805665541225,1.56313187402969
"2175","15-Dec-21",1.49805665541225,1.56313187402969
"2176","16-Dec-21",1.49805665541225,1.56313187402969
"2177","17-Dec-21",1.49805665541225,1.56313187402969
"2178","20-Dec-21",1.49805665541225,1.56313187402969
"2181","21-Dec-21",1.49805665541225,1.56313187402969
"2182","22-Dec-21",1.49805665541225,1.56313187402969
"2183","23-Dec-21",1.48830212944562,1.56313187402969
"2184","24-Dec-21",1.48830212944562,1.56313187402969
"2185","27-Dec-21",1.48830212944562,1.49516574793436
"2188","28-Dec-21",1.48830212944562,1.47267639535937
"2189","29-Dec-21",1.48830212944562,1.47267639535937
"2190","30-Dec-21",1.48830212944562,1.45288428029026
"2191","31-Dec-21",1.48830212944562,1.45288428029026
"2192","3-Jan-22",1.48830212944562,1.45288428029026
"2195","4-Jan-22",1.48830212944562,1.45288428029026
"2196","5-Jan-22",1.48830212944562,1.45288428029026
"2197","6-Jan-22",1.48830212944562,1.45288428029026
"2198","7-Jan-22",1.48830212944562,1.45288428029026
"2199","10-Jan-22",1.48830212944562,1.45288428029026
"2202","11-Jan-22",1.48830212944562,1.45288428029026
"2203","12-Jan-22",1.48830212944562,1.45288428029026
"2204","13-Jan-22",1.48830212944562,1.45288428029026
"2205","14-Jan-22",1.48830212944562,1.45288428029026
"2206","17-Jan-22",1.48830212944562,1.45288428029026
"2209","18-Jan-22",1.47718091616369,1.31290105541389
"2210","19-Jan-22",1.47718091616369,1.38254476037041
"2211","20-Jan-22",1.47718091616369,1.38254476037041
"2212","21-Jan-22",1.47718091616369,1.38254476037041
"2213","24-Jan-22",1.48830212944562,1.56313187402969
"2216","25-Jan-22",1.48830212944562,1.56313187402969
"2217","26-Jan-22",1.47718091616369,1.56313187402969
"2218","27-Jan-22",1.47718091616369,1.56313187402969
"2219","28-Jan-22",1.46179073207136,1.56313187402969
"2220","31-Jan-22",1.46179073207136,1.47267639535937
"2223","1-Feb-22",1.46179073207136,1.45288428029026
"2224","2-Feb-22",1.46179073207136,1.45288428029026
"2225","3-Feb-22",1.46179073207136,1.45288428029026
"2226","4-Feb-22",1.47718091616369,1.72458388610747
"2227","8-Feb-22",1.47718091616369,1.72458388610747
"2231","9-Feb-22",1.47718091616369,1.72458388610747
"2232","10-Feb-22",1.46179073207136,1.72458388610747
"2233","11-Feb-22",1.46179073207136,1.72458388610747
"2234","14-Feb-22",1.46179073207136,1.72458388610747
"2237","15-Feb-22",1.48279660401811,1.72458388610747
"2238","16-Feb-22",1.48279660401811,1.72040177683663
"2239","17-Feb-22",1.48279660401811,1.69480409308622
"2240","18-Feb-22",1.52575050467725,1.74625476584397
"2241","21-Feb-22",1.52575050467725,1.74625476584397
"2244","22-Feb-22",1.52575050467725,1.74625476584397
"2245","23-Feb-22",1.52575050467725,1.72458388610747
"2246","24-Feb-22",1.52575050467725,1.82124312377915
"2247","25-Feb-22",1.52575050467725,1.82124312377915
"2248","28-Feb-22",1.52575050467725,1.82124312377915
"2251","1-Mar-22",1.52575050467725,1.82124312377915
"2252","2-Mar-22",1.52575050467725,1.82124312377915
"2253","3-Mar-22",1.52575050467725,1.82124312377915
"2254","4-Mar-22",1.52575050467725,1.82124312377915
"2255","7-Mar-22",1.52575050467725,1.82124312377915
"2258","8-Mar-22",1.62238437260513,1.91124906878221
"2259","9-Mar-22",1.62238437260513,1.91124906878221
"2260","10-Mar-22",1.62238437260513,1.91124906878221
"2261","11-Mar-22",1.62238437260513,1.91124906878221
"2262","14-Mar-22",1.62238437260513,1.91124906878221
"2265","15-Mar-22",1.62238437260513,1.82124312377915
"2266","16-Mar-22",1.62238437260513,1.82124312377915
"2267","17-Mar-22",1.62238437260513,1.82124312377915
"2268","18-Mar-22",1.62238437260513,1.82124312377915
"2269","22-Mar-22",1.62238437260513,1.82124312377915
"2273","23-Mar-22",1.62238437260513,1.82124312377915
"2274","24-Mar-22",1.62238437260513,1.82124312377915
"2275","25-Mar-22",1.62238437260513,1.82124312377915
"2276","28-Mar-22",1.62238437260513,1.82124312377915
"2279","29-Mar-22",1.62238437260513,1.82124312377915
"2280","30-Mar-22",1.62238437260513,1.74625476584397
"2281","31-Mar-22",1.62238437260513,1.74625476584397
"2282","1-Apr-22",1.62238437260513,1.74625476584397
"2283","4-Apr-22",1.62238437260513,1.74625476584397
"2286","5-Apr-22",1.62238437260513,1.74625476584397
"2287","6-Apr-22",1.62238437260513,1.72458388610747
"2288","7-Apr-22",1.62238437260513,1.72458388610747
"2289","8-Apr-22",1.62238437260513,1.72458388610747
"2290","11-Apr-22",1.62238437260513,1.72458388610747
"2293","12-Apr-22",1.62238437260513,1.72458388610747
"2294","13-Apr-22",1.62238437260513,1.72040177683663
"2295","18-Apr-22",1.62238437260513,1.69480409308622
"2300","19-Apr-22",1.62238437260513,1.69480409308622
"2301","20-Apr-22",1.62238437260513,1.69480409308622
"2302","21-Apr-22",1.62238437260513,1.69480409308622
"2303","22-Apr-22",1.62238437260513,1.69480409308622
"2304","25-Apr-22",1.62238437260513,1.56313187402969
"2307","26-Apr-22",1.62238437260513,1.48019372602211
"2308","27-Apr-22",1.62238437260513,1.48019372602211
"2309","28-Apr-22",1.62238437260513,1.48019372602211
"2310","29-Apr-22",1.52575050467725,1.48019372602211
"2311","2-May-22",1.62238437260513,1.82124312377915
"2314","3-May-22",1.62238437260513,1.82124312377915
"2315","4-May-22",1.63977188568242,1.82124312377915
"2316","5-May-22",1.63977188568242,1.82124312377915
"2317","6-May-22",1.70139546872665,1.77065661556065
"2318","9-May-22",1.71437917655665,1.97492702659427
"2321","10-May-22",1.71437917655665,1.97492702659427
"2322","11-May-22",1.70139546872665,1.97492702659427
"2323","12-May-22",1.70139546872665,1.97492702659427
"2324","13-May-22",1.70139546872665,1.97492702659427
"2325","16-May-22",1.70139546872665,1.97492702659427
"2328","17-May-22",1.70139546872665,1.97492702659427
"2329","18-May-22",1.70139546872665,1.97492702659427
"2330","19-May-22",1.71437917655665,2.10104013599542
"2331","20-May-22",1.71437917655665,2.10104013599542
"2332","23-May-22",1.71437917655665,2.10104013599542
"2335","24-May-22",1.71437917655665,2.10104013599542
"2336","25-May-22",1.71437917655665,2.06451060654987
"2337","26-May-22",1.71437917655665,1.97492702659427
"2338","27-May-22",1.71437917655665,1.97492702659427
"2339","30-May-22",1.71437917655665,1.97492702659427
"2342","31-May-22",1.71437917655665,1.97492702659427
"2343","1-Jun-22",1.71437917655665,1.97492702659427
"2344","2-Jun-22",1.71437917655665,1.97492702659427
"2345","3-Jun-22",1.71437917655665,1.97492702659427
"2346","6-Jun-22",1.71437917655665,1.97492702659427
"2349","7-Jun-22",1.71437917655665,1.97492702659427
"2350","8-Jun-22",1.71437917655665,1.97492702659427
"2351","9-Jun-22",1.71437917655665,1.97492702659427
"2352","10-Jun-22",1.71437917655665,1.91124906878221
"2353","13-Jun-22",1.71437917655665,1.91124906878221
"2356","14-Jun-22",1.71437917655665,1.91124906878221
"2357","15-Jun-22",1.71437917655665,1.82124312377915
"2358","16-Jun-22",1.71437917655665,1.77065661556065
"2359","17-Jun-22",1.71437917655665,1.77065661556065
"2360","20-Jun-22",1.71437917655665,1.77065661556065
"2363","21-Jun-22",1.71437917655665,1.77065661556065
"2364","22-Jun-22",1.71437917655665,1.77065661556065
"2365","23-Jun-22",1.72228372600851,2.01588495720655
"2366","24-Jun-22",1.72228372600851,2.01588495720655
"2367","27-Jun-22",1.72228372600851,2.01588495720655
"2370","28-Jun-22",1.72228372600851,2.01588495720655
"2371","29-Jun-22",1.72228372600851,1.97492702659427
"2372","30-Jun-22",1.72228372600851,1.97492702659427
"2373","1-Jul-22",1.72228372600851,1.97492702659427
"2374","4-Jul-22",1.72228372600851,1.97492702659427
"2377","5-Jul-22",1.72228372600851,1.97492702659427
"2378","6-Jul-22",1.72228372600851,1.97492702659427
"2379","7-Jul-22",1.72228372600851,1.91124906878221
"2380","8-Jul-22",1.72228372600851,1.91124906878221
"2381","11-Jul-22",1.72228372600851,1.82124312377915
"2384","12-Jul-22",1.72228372600851,1.77065661556065
"2385","13-Jul-22",1.72228372600851,1.77065661556065
"2386","14-Jul-22",1.72228372600851,1.77065661556065
"2387","15-Jul-22",1.72228372600851,1.77065661556065
"2388","18-Jul-22",1.71437917655665,1.74625476584397
"2391","19-Jul-22",1.71437917655665,1.69480409308622
"2392","20-Jul-22",1.71437917655665,1.67492751178604
"2393","21-Jul-22",1.71437917655665,1.67492751178604
"2394","22-Jul-22",1.71437917655665,1.67492751178604
"2395","25-Jul-22",1.71437917655665,1.67492751178604
"2398","26-Jul-22",1.71437917655665,1.67492751178604
"2399","27-Jul-22",1.71437917655665,1.67492751178604
"2400","28-Jul-22",1.71437917655665,1.67492751178604
"2401","29-Jul-22",1.71437917655665,1.67492751178604
"2402","1-Aug-22",1.71437917655665,1.64014409113974
"2405","2-Aug-22",1.71437917655665,1.64014409113974
"2406","3-Aug-22",1.71437917655665,1.64014409113974
"2407","4-Aug-22",1.71437917655665,1.64014409113974
"2408","5-Aug-22",1.71437917655665,1.64014409113974
"2409","8-Aug-22",1.71437917655665,1.64014409113974
"2412","9-Aug-22",1.71437917655665,1.64014409113974
"2413","10-Aug-22",1.71437917655665,1.59474553417023
"2414","11-Aug-22",1.71437917655665,1.59474553417023
"2415","12-Aug-22",1.71437917655665,1.59069370607568
"2416","15-Aug-22",1.71437917655665,1.59069370607568
"2419","16-Aug-22",1.71437917655665,1.59069370607568
"2420","17-Aug-22",1.71437917655665,1.59069370607568
"2421","18-Aug-22",1.70139546872665,1.59069370607568
"2422","19-Aug-22",1.70139546872665,1.59069370607568
"2423","22-Aug-22",1.70139546872665,1.59069370607568
"2426","23-Aug-22",1.70139546872665,1.59069370607568
"2427","24-Aug-22",1.70139546872665,1.59069370607568
"2428","25-Aug-22",1.70139546872665,1.59069370607568
"2429","26-Aug-22",1.70139546872665,1.59069370607568
"2430","29-Aug-22",1.70139546872665,1.59069370607568
"2433","30-Aug-22",1.71626112572853,1.72458388610747
"2434","31-Aug-22",1.70139546872665,1.67492751178604
"2435","1-Sep-22",1.71626112572853,2.03010960952649
"2436","2-Sep-22",1.71626112572853,2.03010960952649
"2437","5-Sep-22",1.71626112572853,2.03010960952649
"2440","6-Sep-22",1.71626112572853,2.03010960952649
"2441","7-Sep-22",1.71626112572853,2.03010960952649
"2442","8-Sep-22",1.71626112572853,2.03010960952649
"2443","9-Sep-22",1.71626112572853,2.03010960952649
"2444","12-Sep-22",1.71626112572853,2.03010960952649
"2447","13-Sep-22",1.71626112572853,2.03010960952649
"2448","14-Sep-22",1.72689166027756,2.01588495720655
"2449","15-Sep-22",1.72689166027756,2.01588495720655
"2450","19-Sep-22",1.72689166027756,2.01588495720655
"2454","20-Sep-22",1.72689166027756,1.97492702659427
"2455","21-Sep-22",1.72689166027756,1.77065661556065
"2456","22-Sep-22",1.72689166027756,1.74625476584397
"2457","23-Sep-22",1.72689166027756,1.72971227315212
"2458","26-Sep-22",1.73715639486345,2.02571512209698
"2461","27-Sep-22",1.73715639486345,2.02571512209698
"2462","28-Sep-22",1.73715639486345,2.02571512209698
"2463","29-Sep-22",1.73715639486345,2.02571512209698
"2464","30-Sep-22",1.73715639486345,2.02571512209698
"2465","3-Oct-22",1.73715639486345,2.02571512209698
"2468","4-Oct-22",1.73715639486345,2.02571512209698
"2469","5-Oct-22",1.73715639486345,2.02571512209698
"2470","6-Oct-22",1.73715639486345,2.02571512209698
"2471","7-Oct-22",1.73715639486345,2.02571512209698
"2472","10-Oct-22",1.73715639486345,2.02571512209698
"2475","11-Oct-22",1.73715639486345,2.01588495720655
"2476","12-Oct-22",1.73715639486345,2.01588495720655
"2477","13-Oct-22",1.73715639486345,1.97492702659427
"2478","14-Oct-22",1.73715639486345,1.77065661556065
"2479","17-Oct-22",1.73715639486345,1.72971227315212
"2482","18-Oct-22",1.73715639486345,1.72971227315212
"2483","19-Oct-22",1.73715639486345,1.72971227315212
"2484","20-Oct-22",1.73715639486345,1.72971227315212
"2485","21-Oct-22",1.73715639486345,1.72971227315212
"2486","24-Oct-22",1.73715639486345,1.72971227315212
"2489","25-Oct-22",1.73715639486345,1.72971227315212
"2490","26-Oct-22",1.73715639486345,1.72971227315212
"2491","27-Oct-22",1.73715639486345,1.72971227315212
"2492","28-Oct-22",1.73715639486345,1.67492751178604
"2493","31-Oct-22",1.73715639486345,1.64014409113974
"2496","1-Nov-22",1.73715639486345,1.59069370607568
"2497","3-Nov-22",1.73715639486345,1.59069370607568
"2499","4-Nov-22",1.73715639486345,1.59069370607568
"2500","7-Nov-22",1.73715639486345,1.5287339505898
"2503","8-Nov-22",1.73715639486345,1.5287339505898
"2504","9-Nov-22",1.73715639486345,1.43081820678773
"2505","10-Nov-22",1.73715639486345,1.43081820678773
"2506","11-Nov-22",1.73715639486345,1.43081820678773
"2507","14-Nov-22",1.73715639486345,1.43081820678773
"2510","15-Nov-22",1.73715639486345,1.43081820678773
"2511","16-Nov-22",1.73715639486345,1.43081820678773
"2512","17-Nov-22",1.73715639486345,1.43081820678773
"2513","18-Nov-22",1.73715639486345,1.30237014219683
"2514","22-Nov-22",1.73715639486345,1.30237014219683
"2518","23-Nov-22",1.73715639486345,1.30237014219683
"2519","24-Nov-22",1.73715639486345,1.30237014219683
"2520","25-Nov-22",1.72689166027756,1.30237014219683
"2521","28-Nov-22",1.72689166027756,1.30237014219683
"2524","29-Nov-22",1.72689166027756,1.2987991240205
"2525","30-Nov-22",1.73715639486345,1.72971227315212
"2526","1-Dec-22",1.73715639486345,1.72971227315212
"2527","2-Dec-22",1.73715639486345,1.72971227315212
"2528","5-Dec-22",1.73715639486345,1.72971227315212
"2531","6-Dec-22",1.73715639486345,1.67492751178604
"2532","7-Dec-22",1.73715639486345,1.59069370607568
"2533","8-Dec-22",1.73715639486345,1.59069370607568
"2534","9-Dec-22",1.73715639486345,1.5287339505898
"2535","13-Dec-22",1.73715639486345,1.43081820678773
"2539","14-Dec-22",1.73715639486345,1.43081820678773
"2540","15-Dec-22",1.73715639486345,1.43081820678773
"2541","16-Dec-22",1.73715639486345,1.41940146592134
"2542","19-Dec-22",1.73715639486345,1.41940146592134
"2545","20-Dec-22",1.73715639486345,1.41940146592134
"2546","21-Dec-22",1.73715639486345,1.41940146592134
"2547","22-Dec-22",1.73715639486345,1.41940146592134
"2548","23-Dec-22",1.73715639486345,1.41940146592134
"2549","26-Dec-22",1.73715639486345,1.41940146592134
"2552","27-Dec-22",1.73715639486345,1.41940146592134
"2553","28-Dec-22",1.73715639486345,1.41940146592134
"2554","29-Dec-22",1.73715639486345,1.58225701326325
"2555","30-Dec-22",1.73715639486345,1.58225701326325
"2556","2-Jan-23",1.75723559821648,1.79209083360502
"2559","3-Jan-23",1.75723559821648,1.79209083360502
"2560","4-Jan-23",1.75723559821648,1.79209083360502
"2561","5-Jan-23",1.75723559821648,1.79209083360502
"2562","6-Jan-23",1.75723559821648,1.72971227315212
"2563","9-Jan-23",1.75723559821648,1.72971227315212
"2566","10-Jan-23",1.75723559821648,1.59069370607568
"2567","11-Jan-23",1.75723559821648,1.58225701326325
"2568","12-Jan-23",1.75723559821648,1.58225701326325
"2569","13-Jan-23",1.75723559821648,1.58225701326325
"2570","16-Jan-23",1.75723559821648,1.58225701326325
"2573","17-Jan-23",1.75723559821648,1.58225701326325
"2574","18-Jan-23",1.75723559821648,1.58225701326325
"2575","19-Jan-23",1.75723559821648,1.58225701326325
"2576","20-Jan-23",1.75723559821648,1.58225701326325
"2577","23-Jan-23",1.74813722723596,1.58225701326325
"2580","24-Jan-23",1.74813722723596,1.58225701326325
"2581","25-Jan-23",1.74813722723596,1.58225701326325
"2582","26-Jan-23",1.74813722723596,1.58225701326325
"2583","27-Jan-23",1.74813722723596,1.5287339505898
"2584","30-Jan-2023",1.74813722723596,1.43081820678773
